Airline,Date_Of_Journey,Flight,Source_City,Destination,Route,Departure_Time,Arrivala_Time,Total_Stops,Class,Duration,Days_Left,Price
Akasa Air,2025-04-22,QP439,Mumbai,Hyderabad,Mumbai -> Hyderabad,2025-04-22 21:10:00,2025-04-23 03:11:00,1 Stop,Economy,6h 1m,55,9748
Akasa Air,2025-03-12,QP7156,Bangalore,Mumbai,Bangalore -> Mumbai,2025-03-12 06:20:00,2025-03-12 12:37:00,2+ Stops,Business,6h 17m,48,17718
Akasa Air,2025-05-25,QP5815,Bangalore,Hyderabad,Bangalore -> Hyderabad,2025-05-25 08:15:00,2025-05-25 09:52:00,Non-stop,Business,1h 37m,38,15032
Vistara,2025-02-17,UK7555,Hyderabad,Bangalore,Hyderabad -> Bangalore,2025-02-17 00:20:00,2025-02-17 07:49:00,2+ Stops,Economy,7h 29m,19,12971
Go First,2025-05-25,G89244,Chennai,Mumbai,Chennai -> Mumbai,2025-05-25 09:00:00,2025-05-25 12:29:00,1 Stop,Economy,3h 29m,20,5859
Go First,2025-01-22,G82122,Delhi,Hyderabad,Delhi -> Hyderabad,2025-01-22 13:15:00,2025-01-23 01:15:00,2+ Stops,Economy,12h 0m,20,8123
SpiceJet,2025-02-02,SG4741,Hyderabad,Chennai,Hyderabad -> Chennai,2025-02-02 22:15:00,2025-02-03 00:42:00,Non-stop,Economy,2h 27m,10,4882
Air India,2025-07-09,AI626,Kolkata,Bangalore,Kolkata -> Bangalore,2025-07-09 20:20:00,2025-07-10 03:17:00,1 Stop,Economy,6h 57m,16,9024
SpiceJet,2025-05-29,SG9881,Bangalore,Mumbai,Bangalore -> Mumbai,2025-05-29 21:15:00,2025-05-30 04:58:00,2+ Stops,Economy,7h 43m,37,8103
Vistara,2025-02-11,UK9181,Mumbai,Kolkata,Mumbai -> Kolkata,2025-02-11 09:30:00,2025-02-11 19:04:00,2+ Stops,Economy,9h 34m,20,12368
IndiGo,2025-05-06,6E2370,Hyderabad,Kolkata,Hyderabad -> Kolkata,2025-05-06 16:45:00,2025-05-07 01:14:00,2+ Stops,Business,8h 29m,45,22731
Vistara,2025-04-20,UK7657,Delhi,Chennai,Delhi -> Chennai,2025-04-20 02:50:00,2025-04-20 06:40:00,Non-stop,Economy,3h 50m,2,9254
Go First,2025-06-29,G86213,Mumbai,Chennai,Mumbai -> Chennai,2025-06-29 09:00:00,2025-06-29 13:25:00,1 Stop,Economy,4h 25m,35,8944
Go First,2025-03-15,G87640,Delhi,Mumbai,Delhi -> Mumbai,2025-03-15 20:00:00,2025-03-16 03:06:00,1 Stop,Business,7h 6m,4,23810
SpiceJet,2025-06-24,SG1097,Delhi,Chennai,Delhi -> Chennai,2025-06-24 23:45:00,2025-06-25 02:18:00,Non-stop,Economy,2h 33m,44,7104
Akasa Air,2025-08-19,QP8215,Mumbai,Bangalore,Mumbai -> Bangalore,2025-08-19 20:50:00,2025-08-20 00:30:00,Non-stop,Business,3h 40m,58,7656
Go First,2025-02-10,G83388,Delhi,Mumbai,Delhi -> Mumbai,2025-02-10 19:00:00,2025-02-11 01:15:00,2+ Stops,Economy,6h 15m,1,8288
IndiGo,2025-02-05,6E8387,Kolkata,Hyderabad,Kolkata -> Hyderabad,2025-02-05 09:20:00,2025-02-05 14:12:00,1 Stop,Economy,4h 52m,4,8511
Go First,2025-04-29,G87294,Chennai,Hyderabad,Chennai -> Hyderabad,2025-04-29 04:45:00,2025-04-29 06:54:00,Non-stop,Economy,2h 9m,8,3898
Go First,2025-04-16,G89056,Mumbai,Hyderabad,Mumbai -> Hyderabad,2025-04-16 09:45:00,2025-04-16 14:08:00,Non-stop,Business,4h 23m,31,17112
Akasa Air,2025-06-11,QP1858,Kolkata,Hyderabad,Kolkata -> Hyderabad,2025-06-11 04:00:00,2025-06-11 10:07:00,1 Stop,Business,6h 7m,53,11980
IndiGo,2025-05-09,6E7382,Delhi,Kolkata,Delhi -> Kolkata,2025-05-09 23:20:00,2025-05-10 02:30:00,1 Stop,Business,3h 10m,9,27835
SpiceJet,2025-02-19,SG8702,Kolkata,Chennai,Kolkata -> Chennai,2025-02-19 20:10:00,2025-02-20 04:56:00,1 Stop,Business,8h 46m,5,27814
Air India,2025-06-10,AI4660,Chennai,Bangalore,Chennai -> Bangalore,2025-06-10 02:50:00,2025-06-10 12:14:00,2+ Stops,Business,9h 24m,60,35090
Go First,2025-02-20,G88406,Chennai,Hyderabad,Chennai -> Hyderabad,2025-02-20 22:15:00,2025-02-21 08:37:00,2+ Stops,Business,10h 22m,17,9226
Akasa Air,2025-03-12,QP2707,Mumbai,Delhi,Mumbai -> Delhi,2025-03-12 15:45:00,2025-03-12 21:33:00,1 Stop,Economy,5h 48m,43,5653
Air India,2025-06-10,AI6392,Kolkata,Delhi,Kolkata -> Delhi,2025-06-10 08:00:00,2025-06-10 09:28:00,Non-stop,Business,1h 28m,4,31372
IndiGo,2025-06-10,6E2951,Bangalore,Delhi,Bangalore -> Delhi,2025-06-10 12:10:00,2025-06-10 22:45:00,2+ Stops,Economy,10h 35m,45,8137
Vistara,2025-03-08,UK7268,Chennai,Bangalore,Chennai -> Bangalore,2025-03-08 23:10:00,2025-03-09 07:01:00,1 Stop,Economy,7h 51m,15,7396
IndiGo,2025-03-29,6E1676,Mumbai,Delhi,Mumbai -> Delhi,2025-03-29 00:15:00,2025-03-29 07:49:00,1 Stop,Economy,7h 34m,52,6670
Akasa Air,2025-04-18,QP8753,Kolkata,Mumbai,Kolkata -> Mumbai,2025-04-18 18:50:00,2025-04-19 02:12:00,1 Stop,Business,7h 22m,54,33011
Air India,2025-05-18,AI1200,Kolkata,Hyderabad,Kolkata -> Hyderabad,2025-05-18 02:30:00,2025-05-18 05:20:00,Non-stop,Business,2h 50m,41,8152
Vistara,2025-04-30,UK3877,Delhi,Chennai,Delhi -> Chennai,2025-04-30 00:10:00,2025-04-30 05:34:00,1 Stop,Business,5h 24m,35,11094
SpiceJet,2025-05-29,SG1325,Hyderabad,Chennai,Hyderabad -> Chennai,2025-05-29 19:30:00,2025-05-30 02:09:00,1 Stop,Economy,6h 39m,16,9400
IndiGo,2025-02-19,6E9648,Kolkata,Bangalore,Kolkata -> Bangalore,2025-02-19 01:15:00,2025-02-19 06:27:00,1 Stop,Business,5h 12m,42,7390
Go First,2025-05-23,G85500,Chennai,Delhi,Chennai -> Delhi,2025-05-23 02:50:00,2025-05-23 13:34:00,2+ Stops,Economy,10h 44m,16,8622
Vistara,2025-03-22,UK9900,Chennai,Hyderabad,Chennai -> Hyderabad,2025-03-22 17:20:00,2025-03-22 21:06:00,Non-stop,Economy,3h 46m,60,5352
IndiGo,2025-05-12,6E8236,Hyderabad,Mumbai,Hyderabad -> Mumbai,2025-05-12 13:20:00,2025-05-12 17:21:00,1 Stop,Economy,4h 1m,42,5299
Air India,2025-08-08,AI8852,Hyderabad,Kolkata,Hyderabad -> Kolkata,2025-08-08 23:00:00,2025-08-09 08:03:00,2+ Stops,Business,9h 3m,44,27372
Vistara,2025-05-01,UK7093,Hyderabad,Mumbai,Hyderabad -> Mumbai,2025-05-01 03:30:00,2025-05-01 08:42:00,1 Stop,Business,5h 12m,8,15639
Air India,2025-05-01,AI1607,Hyderabad,Delhi,Hyderabad -> Delhi,2025-05-01 23:50:00,2025-05-02 09:52:00,2+ Stops,Economy,10h 2m,15,9279
IndiGo,2025-03-26,6E1028,Mumbai,Hyderabad,Mumbai -> Hyderabad,2025-03-26 01:15:00,2025-03-26 08:56:00,1 Stop,Economy,7h 41m,12,6160
Go First,2025-03-04,G86617,Kolkata,Delhi,Kolkata -> Delhi,2025-03-04 02:15:00,2025-03-04 09:46:00,2+ Stops,Business,7h 31m,43,18832
SpiceJet,2025-08-12,SG6111,Hyderabad,Bangalore,Hyderabad -> Bangalore,2025-08-12 07:30:00,2025-08-12 13:14:00,1 Stop,Economy,5h 44m,56,4651
Vistara,2025-02-19,UK8066,Bangalore,Delhi,Bangalore -> Delhi,2025-02-19 16:10:00,2025-02-20 00:45:00,1 Stop,Economy,8h 35m,14,7267
Akasa Air,2025-06-07,QP2425,Delhi,Bangalore,Delhi -> Bangalore,2025-06-07 20:50:00,2025-06-07 23:51:00,1 Stop,Business,3h 1m,45,9897
Go First,2025-03-17,G86394,Bangalore,Delhi,Bangalore -> Delhi,2025-03-17 19:20:00,2025-03-17 23:15:00,1 Stop,Business,3h 55m,4,18043
Air India,2025-06-03,AI3470,Kolkata,Mumbai,Kolkata -> Mumbai,2025-06-03 17:00:00,2025-06-04 01:02:00,2+ Stops,Business,8h 2m,43,16725
SpiceJet,2025-07-01,SG9782,Mumbai,Delhi,Mumbai -> Delhi,2025-07-01 13:50:00,2025-07-01 22:49:00,1 Stop,Economy,8h 59m,22,5527
Vistara,2025-06-24,UK4809,Hyderabad,Kolkata,Hyderabad -> Kolkata,2025-06-24 23:30:00,2025-06-25 07:40:00,2+ Stops,Business,8h 10m,28,31287
Air India,2025-03-11,AI348,Bangalore,Kolkata,Bangalore -> Kolkata,2025-03-11 17:15:00,2025-03-12 00:40:00,1 Stop,Economy,7h 25m,6,10603
SpiceJet,2025-08-07,SG4503,Chennai,Bangalore,Chennai -> Bangalore,2025-08-07 19:00:00,2025-08-07 22:36:00,Non-stop,Business,3h 36m,51,9332
Vistara,2025-05-01,UK7681,Delhi,Hyderabad,Delhi -> Hyderabad,2025-05-01 01:15:00,2025-05-01 10:09:00,1 Stop,Economy,8h 54m,1,8966
Go First,2025-04-27,G81403,Bangalore,Chennai,Bangalore -> Chennai,2025-04-27 02:20:00,2025-04-27 06:09:00,Non-stop,Business,3h 49m,36,13878
Air India,2025-06-18,AI3826,Chennai,Mumbai,Chennai -> Mumbai,2025-06-18 20:00:00,2025-06-18 21:41:00,Non-stop,Economy,1h 41m,10,5509
Akasa Air,2025-02-01,QP8402,Kolkata,Chennai,Kolkata -> Chennai,2025-02-01 17:45:00,2025-02-01 19:30:00,Non-stop,Business,1h 45m,21,9216
Akasa Air,2025-04-10,QP5889,Hyderabad,Delhi,Hyderabad -> Delhi,2025-04-10 11:00:00,2025-04-10 15:07:00,Non-stop,Economy,4h 7m,39,4441
Air India,2025-08-17,AI5437,Hyderabad,Bangalore,Hyderabad -> Bangalore,2025-08-17 13:00:00,2025-08-17 22:56:00,2+ Stops,Business,9h 56m,54,13181
Go First,2025-08-13,G86002,Bangalore,Hyderabad,Bangalore -> Hyderabad,2025-08-13 11:20:00,2025-08-13 18:21:00,1 Stop,Economy,7h 1m,58,6608
SpiceJet,2025-06-12,SG2558,Hyderabad,Delhi,Hyderabad -> Delhi,2025-06-12 06:50:00,2025-06-12 14:35:00,1 Stop,Business,7h 45m,7,15481
Go First,2025-07-11,G8634,Chennai,Mumbai,Chennai -> Mumbai,2025-07-11 02:00:00,2025-07-11 06:34:00,Non-stop,Economy,4h 34m,25,6823
IndiGo,2025-05-27,6E7838,Chennai,Hyderabad,Chennai -> Hyderabad,2025-05-27 10:15:00,2025-05-27 14:13:00,Non-stop,Economy,3h 58m,34,5192
Air India,2025-02-20,AI6030,Mumbai,Hyderabad,Mumbai -> Hyderabad,2025-02-20 22:10:00,2025-02-21 07:06:00,1 Stop,Business,8h 56m,21,14148
Go First,2025-06-15,G88384,Delhi,Kolkata,Delhi -> Kolkata,2025-06-15 19:10:00,2025-06-16 01:24:00,1 Stop,Economy,6h 14m,42,8405
Vistara,2025-04-16,UK9680,Chennai,Mumbai,Chennai -> Mumbai,2025-04-16 09:15:00,2025-04-16 12:20:00,1 Stop,Business,3h 5m,39,27099
Go First,2025-04-15,G88196,Chennai,Mumbai,Chennai -> Mumbai,2025-04-15 14:00:00,2025-04-15 15:26:00,Non-stop,Business,1h 26m,58,28172
Vistara,2025-06-14,UK1754,Mumbai,Delhi,Mumbai -> Delhi,2025-06-14 00:45:00,2025-06-14 01:53:00,Non-stop,Business,1h 8m,54,19877
Air India,2025-04-02,AI6691,Chennai,Hyderabad,Chennai -> Hyderabad,2025-04-02 03:15:00,2025-04-02 10:53:00,1 Stop,Economy,7h 38m,16,5521
Akasa Air,2025-06-06,QP5915,Kolkata,Hyderabad,Kolkata -> Hyderabad,2025-06-06 23:50:00,2025-06-07 05:38:00,1 Stop,Business,5h 48m,41,15783
Akasa Air,2025-01-12,QP9759,Hyderabad,Delhi,Hyderabad -> Delhi,2025-01-12 18:30:00,2025-01-13 03:11:00,1 Stop,Business,8h 41m,10,18719
Air India,2025-02-12,AI8434,Chennai,Hyderabad,Chennai -> Hyderabad,2025-02-12 07:15:00,2025-02-12 12:18:00,1 Stop,Business,5h 3m,18,17794
SpiceJet,2025-04-17,SG3023,Mumbai,Delhi,Mumbai -> Delhi,2025-04-17 13:30:00,2025-04-17 21:26:00,1 Stop,Business,7h 56m,53,11525
Air India,2025-05-25,AI2042,Bangalore,Kolkata,Bangalore -> Kolkata,2025-05-25 07:10:00,2025-05-25 12:48:00,1 Stop,Economy,5h 38m,32,8261
SpiceJet,2025-06-16,SG2410,Delhi,Bangalore,Delhi -> Bangalore,2025-06-16 05:00:00,2025-06-16 11:57:00,2+ Stops,Economy,6h 57m,36,7554
IndiGo,2025-05-27,6E6154,Mumbai,Kolkata,Mumbai -> Kolkata,2025-05-27 23:20:00,2025-05-28 07:13:00,2+ Stops,Business,7h 53m,37,15765
Akasa Air,2025-04-10,QP2065,Kolkata,Hyderabad,Kolkata -> Hyderabad,2025-04-10 02:50:00,2025-04-10 06:36:00,Non-stop,Economy,3h 46m,32,5397
IndiGo,2025-03-03,6E3744,Chennai,Delhi,Chennai -> Delhi,2025-03-03 16:15:00,2025-03-03 22:55:00,1 Stop,Economy,6h 40m,21,7905
IndiGo,2025-03-11,6E7200,Delhi,Chennai,Delhi -> Chennai,2025-03-11 17:45:00,2025-03-12 00:25:00,2+ Stops,Economy,6h 40m,21,8074
Go First,2025-05-18,G86263,Mumbai,Bangalore,Mumbai -> Bangalore,2025-05-18 04:20:00,2025-05-18 08:38:00,Non-stop,Economy,4h 18m,17,4126
Akasa Air,2025-04-23,QP1553,Hyderabad,Mumbai,Hyderabad -> Mumbai,2025-04-23 02:20:00,2025-04-23 12:33:00,2+ Stops,Economy,10h 13m,1,7529
Akasa Air,2025-07-10,QP4410,Hyderabad,Kolkata,Hyderabad -> Kolkata,2025-07-10 07:45:00,2025-07-10 14:18:00,1 Stop,Economy,6h 33m,41,7679
Air India,2025-07-13,AI4886,Chennai,Kolkata,Chennai -> Kolkata,2025-07-13 12:30:00,2025-07-13 20:00:00,1 Stop,Business,7h 30m,32,9310
SpiceJet,2025-07-05,SG6974,Kolkata,Bangalore,Kolkata -> Bangalore,2025-07-05 13:00:00,2025-07-05 17:20:00,Non-stop,Economy,4h 20m,16,5347
Akasa Air,2025-06-23,QP6622,Chennai,Mumbai,Chennai -> Mumbai,2025-06-23 15:30:00,2025-06-23 23:45:00,1 Stop,Economy,8h 15m,50,6431
Go First,2025-04-29,G83624,Kolkata,Delhi,Kolkata -> Delhi,2025-04-29 08:45:00,2025-04-29 15:10:00,1 Stop,Business,6h 25m,36,19482
IndiGo,2025-07-04,6E4496,Kolkata,Mumbai,Kolkata -> Mumbai,2025-07-04 01:15:00,2025-07-04 07:29:00,1 Stop,Economy,6h 14m,22,8313
Akasa Air,2025-02-25,QP1907,Hyderabad,Chennai,Hyderabad -> Chennai,2025-02-25 19:30:00,2025-02-25 21:21:00,Non-stop,Business,1h 51m,22,12956
SpiceJet,2025-02-24,SG5878,Hyderabad,Delhi,Hyderabad -> Delhi,2025-02-24 16:10:00,2025-02-24 23:22:00,1 Stop,Economy,7h 12m,42,8698
Akasa Air,2025-06-04,QP3857,Bangalore,Mumbai,Bangalore -> Mumbai,2025-06-04 10:20:00,2025-06-04 12:20:00,Non-stop,Economy,2h 0m,59,2664
Go First,2025-06-25,G81779,Hyderabad,Kolkata,Hyderabad -> Kolkata,2025-06-25 01:10:00,2025-06-25 06:11:00,1 Stop,Economy,5h 1m,51,10254
Akasa Air,2025-03-21,QP4151,Delhi,Kolkata,Delhi -> Kolkata,2025-03-21 12:45:00,2025-03-21 17:37:00,1 Stop,Business,4h 52m,48,7541
Go First,2025-07-06,G86905,Delhi,Mumbai,Delhi -> Mumbai,2025-07-06 19:10:00,2025-07-06 23:22:00,Non-stop,Business,4h 12m,48,15453
Go First,2025-03-23,G8483,Bangalore,Kolkata,Bangalore -> Kolkata,2025-03-23 03:15:00,2025-03-23 13:45:00,2+ Stops,Business,10h 30m,30,18036
Air India,2025-04-14,AI6757,Hyderabad,Bangalore,Hyderabad -> Bangalore,2025-04-14 22:30:00,2025-04-15 05:54:00,2+ Stops,Economy,7h 24m,31,14051
Vistara,2025-03-28,UK6206,Hyderabad,Delhi,Hyderabad -> Delhi,2025-03-28 18:00:00,2025-03-28 22:28:00,1 Stop,Business,4h 28m,29,28843
Akasa Air,2025-08-02,QP5189,Bangalore,Mumbai,Bangalore -> Mumbai,2025-08-02 02:00:00,2025-08-02 09:13:00,2+ Stops,Business,7h 13m,52,18065
Air India,2025-06-29,AI6705,Hyderabad,Kolkata,Hyderabad -> Kolkata,2025-06-29 07:00:00,2025-06-29 12:26:00,1 Stop,Business,5h 26m,34,13108
SpiceJet,2025-02-27,SG9362,Hyderabad,Kolkata,Hyderabad -> Kolkata,2025-02-27 08:45:00,2025-02-27 13:19:00,Non-stop,Business,4h 34m,56,20256
Air India,2025-06-25,AI5372,Kolkata,Hyderabad,Kolkata -> Hyderabad,2025-06-25 23:45:00,2025-06-26 01:12:00,Non-stop,Economy,1h 27m,33,7077
Air India,2025-03-21,AI323,Mumbai,Chennai,Mumbai -> Chennai,2025-03-21 05:10:00,2025-03-21 08:12:00,1 Stop,Business,3h 2m,48,16894
Go First,2025-05-10,G88082,Mumbai,Chennai,Mumbai -> Chennai,2025-05-10 00:15:00,2025-05-10 04:33:00,Non-stop,Business,4h 18m,27,20340
Go First,2025-03-26,G86188,Hyderabad,Mumbai,Hyderabad -> Mumbai,2025-03-26 16:45:00,2025-03-26 20:18:00,Non-stop,Business,3h 33m,10,19101
Air India,2025-05-26,AI5509,Chennai,Mumbai,Chennai -> Mumbai,2025-05-26 22:50:00,2025-05-27 02:10:00,1 Stop,Business,3h 20m,11,11399
IndiGo,2025-07-10,6E191,Bangalore,Mumbai,Bangalore -> Mumbai,2025-07-10 03:30:00,2025-07-10 08:36:00,1 Stop,Economy,5h 6m,13,9578
Go First,2025-07-04,G82663,Delhi,Kolkata,Delhi -> Kolkata,2025-07-04 07:15:00,2025-07-04 14:14:00,2+ Stops,Economy,6h 59m,41,8913
Vistara,2025-07-03,UK9675,Chennai,Bangalore,Chennai -> Bangalore,2025-07-03 12:15:00,2025-07-03 22:56:00,2+ Stops,Economy,10h 41m,24,10561
Air India,2025-03-05,AI1787,Chennai,Mumbai,Chennai -> Mumbai,2025-03-05 08:30:00,2025-03-05 11:21:00,Non-stop,Business,2h 51m,18,22316
Go First,2025-06-14,G84642,Chennai,Hyderabad,Chennai -> Hyderabad,2025-06-14 06:10:00,2025-06-14 08:23:00,Non-stop,Economy,2h 13m,43,7537
Air India,2025-02-26,AI2448,Mumbai,Hyderabad,Mumbai -> Hyderabad,2025-02-26 10:00:00,2025-02-26 12:32:00,Non-stop,Business,2h 32m,56,25436
Vistara,2025-03-21,UK5459,Bangalore,Chennai,Bangalore -> Chennai,2025-03-21 07:30:00,2025-03-21 14:19:00,1 Stop,Business,6h 49m,49,22796
Go First,2025-07-31,G85293,Hyderabad,Delhi,Hyderabad -> Delhi,2025-07-31 06:10:00,2025-07-31 18:27:00,2+ Stops,Economy,12h 17m,57,11376
Vistara,2025-03-16,UK8129,Chennai,Bangalore,Chennai -> Bangalore,2025-03-16 17:20:00,2025-03-17 01:31:00,2+ Stops,Economy,8h 11m,44,12404
Akasa Air,2025-06-21,QP5768,Chennai,Kolkata,Chennai -> Kolkata,2025-06-21 17:10:00,2025-06-21 22:21:00,1 Stop,Economy,5h 11m,14,6009
SpiceJet,2025-04-28,SG8718,Mumbai,Delhi,Mumbai -> Delhi,2025-04-28 10:00:00,2025-04-28 15:32:00,1 Stop,Economy,5h 32m,38,9029
IndiGo,2025-02-07,6E4604,Chennai,Kolkata,Chennai -> Kolkata,2025-02-07 22:45:00,2025-02-08 04:25:00,1 Stop,Economy,5h 40m,26,9873
IndiGo,2025-03-18,6E7813,Hyderabad,Kolkata,Hyderabad -> Kolkata,2025-03-18 15:45:00,2025-03-19 04:19:00,2+ Stops,Economy,12h 34m,32,7325
IndiGo,2025-03-31,6E2609,Chennai,Mumbai,Chennai -> Mumbai,2025-03-31 02:20:00,2025-03-31 03:48:00,Non-stop,Economy,1h 28m,56,5074
IndiGo,2025-07-19,6E9014,Bangalore,Mumbai,Bangalore -> Mumbai,2025-07-19 23:00:00,2025-07-20 07:54:00,1 Stop,Business,8h 54m,42,18022
SpiceJet,2025-07-17,SG8559,Delhi,Hyderabad,Delhi -> Hyderabad,2025-07-17 21:00:00,2025-07-17 23:52:00,Non-stop,Economy,2h 52m,27,4684
IndiGo,2025-06-23,6E2927,Kolkata,Delhi,Kolkata -> Delhi,2025-06-23 06:45:00,2025-06-23 15:56:00,2+ Stops,Economy,9h 11m,18,9170
Go First,2025-06-25,G85845,Delhi,Kolkata,Delhi -> Kolkata,2025-06-25 22:00:00,2025-06-26 07:05:00,2+ Stops,Economy,9h 5m,30,6988
Akasa Air,2025-07-18,QP1515,Mumbai,Kolkata,Mumbai -> Kolkata,2025-07-18 00:50:00,2025-07-18 02:03:00,Non-stop,Business,1h 13m,38,12542
Akasa Air,2025-03-23,QP4142,Bangalore,Mumbai,Bangalore -> Mumbai,2025-03-23 09:00:00,2025-03-23 17:18:00,1 Stop,Economy,8h 18m,48,6072
Go First,2025-04-13,G85269,Kolkata,Mumbai,Kolkata -> Mumbai,2025-04-13 08:10:00,2025-04-13 11:26:00,Non-stop,Business,3h 16m,54,9334
Vistara,2025-07-07,UK5918,Hyderabad,Bangalore,Hyderabad -> Bangalore,2025-07-07 16:20:00,2025-07-08 04:13:00,2+ Stops,Economy,11h 53m,23,10197
Vistara,2025-07-13,UK2651,Hyderabad,Chennai,Hyderabad -> Chennai,2025-07-13 13:15:00,2025-07-14 01:58:00,2+ Stops,Business,12h 43m,14,20462
Go First,2025-05-18,G89137,Chennai,Bangalore,Chennai -> Bangalore,2025-05-18 06:15:00,2025-05-18 10:31:00,Non-stop,Economy,4h 16m,6,3444
Go First,2025-06-30,G83154,Kolkata,Mumbai,Kolkata -> Mumbai,2025-06-30 10:15:00,2025-06-30 19:57:00,2+ Stops,Economy,9h 42m,30,11012
IndiGo,2025-05-29,6E5979,Delhi,Bangalore,Delhi -> Bangalore,2025-05-29 10:15:00,2025-05-29 16:26:00,2+ Stops,Business,6h 11m,27,14930
Go First,2025-07-29,G83150,Delhi,Hyderabad,Delhi -> Hyderabad,2025-07-29 14:30:00,2025-07-30 01:57:00,2+ Stops,Business,11h 27m,52,16792
Akasa Air,2025-07-24,QP6214,Hyderabad,Bangalore,Hyderabad -> Bangalore,2025-07-24 12:15:00,2025-07-24 15:03:00,Non-stop,Economy,2h 48m,31,5948
Vistara,2025-02-15,UK4513,Hyderabad,Kolkata,Hyderabad -> Kolkata,2025-02-15 05:30:00,2025-02-15 09:26:00,Non-stop,Economy,3h 56m,38,9152
Air India,2025-03-06,AI2228,Chennai,Bangalore,Chennai -> Bangalore,2025-03-06 02:15:00,2025-03-06 05:44:00,Non-stop,Business,3h 29m,51,13062
IndiGo,2025-04-09,6E2516,Mumbai,Bangalore,Mumbai -> Bangalore,2025-04-09 02:10:00,2025-04-09 04:37:00,Non-stop,Economy,2h 27m,20,4504
Air India,2025-03-13,AI9198,Bangalore,Delhi,Bangalore -> Delhi,2025-03-13 11:00:00,2025-03-13 18:43:00,1 Stop,Business,7h 43m,31,16588
Vistara,2025-03-15,UK7693,Chennai,Mumbai,Chennai -> Mumbai,2025-03-15 12:10:00,2025-03-15 16:35:00,1 Stop,Business,4h 25m,49,23771
Vistara,2025-04-04,UK9880,Kolkata,Chennai,Kolkata -> Chennai,2025-04-04 15:45:00,2025-04-05 01:46:00,2+ Stops,Economy,10h 1m,5,13214
Air India,2025-02-03,AI6147,Bangalore,Kolkata,Bangalore -> Kolkata,2025-02-03 19:30:00,2025-02-03 23:11:00,1 Stop,Economy,3h 41m,33,7154
Air India,2025-02-21,AI824,Mumbai,Kolkata,Mumbai -> Kolkata,2025-02-21 10:20:00,2025-02-21 17:47:00,2+ Stops,Economy,7h 27m,28,10608
Vistara,2025-03-14,UK7975,Delhi,Kolkata,Delhi -> Kolkata,2025-03-14 05:20:00,2025-03-14 16:13:00,2+ Stops,Economy,10h 53m,27,11646
SpiceJet,2025-02-25,SG1761,Chennai,Kolkata,Chennai -> Kolkata,2025-02-25 05:15:00,2025-02-25 09:58:00,Non-stop,Business,4h 43m,52,7782
Akasa Air,2025-05-09,QP6681,Kolkata,Delhi,Kolkata -> Delhi,2025-05-09 08:45:00,2025-05-09 15:23:00,2+ Stops,Business,6h 38m,20,24775
Akasa Air,2025-02-23,QP5589,Hyderabad,Bangalore,Hyderabad -> Bangalore,2025-02-23 13:30:00,2025-02-23 21:35:00,1 Stop,Economy,8h 5m,8,4246
Akasa Air,2025-07-10,QP9769,Bangalore,Mumbai,Bangalore -> Mumbai,2025-07-10 23:50:00,2025-07-11 05:53:00,1 Stop,Business,6h 3m,33,10862
Vistara,2025-07-30,UK7640,Bangalore,Delhi,Bangalore -> Delhi,2025-07-30 21:15:00,2025-07-31 03:36:00,1 Stop,Business,6h 21m,57,14315
Air India,2025-04-27,AI4904,Bangalore,Hyderabad,Bangalore -> Hyderabad,2025-04-27 10:15:00,2025-04-27 16:53:00,2+ Stops,Economy,6h 38m,2,12923
IndiGo,2025-03-02,6E8804,Chennai,Kolkata,Chennai -> Kolkata,2025-03-02 02:30:00,2025-03-02 05:16:00,Non-stop,Economy,2h 46m,16,7684
Vistara,2025-07-26,UK7163,Bangalore,Kolkata,Bangalore -> Kolkata,2025-07-26 19:10:00,2025-07-27 07:43:00,2+ Stops,Business,12h 33m,30,12001
SpiceJet,2025-07-30,SG727,Mumbai,Chennai,Mumbai -> Chennai,2025-07-30 03:20:00,2025-07-30 14:25:00,2+ Stops,Business,11h 5m,47,35100
Vistara,2025-04-24,UK6665,Delhi,Bangalore,Delhi -> Bangalore,2025-04-24 23:45:00,2025-04-25 06:38:00,2+ Stops,Business,6h 53m,48,14244
SpiceJet,2025-04-08,SG5067,Hyderabad,Chennai,Hyderabad -> Chennai,2025-04-08 22:50:00,2025-04-09 02:26:00,Non-stop,Business,3h 36m,35,12786
SpiceJet,2025-02-24,SG3142,Bangalore,Chennai,Bangalore -> Chennai,2025-02-24 19:20:00,2025-02-24 22:37:00,Non-stop,Economy,3h 17m,43,5835
Air India,2025-03-28,AI406,Kolkata,Mumbai,Kolkata -> Mumbai,2025-03-28 14:30:00,2025-03-28 22:36:00,2+ Stops,Economy,8h 6m,18,8915
Akasa Air,2025-04-24,QP5418,Mumbai,Delhi,Mumbai -> Delhi,2025-04-24 23:45:00,2025-04-25 12:14:00,2+ Stops,Business,12h 29m,40,35146
Go First,2025-03-30,G86474,Kolkata,Chennai,Kolkata -> Chennai,2025-03-30 10:15:00,2025-03-30 16:24:00,1 Stop,Business,6h 9m,1,15264
Akasa Air,2025-05-01,QP2885,Chennai,Kolkata,Chennai -> Kolkata,2025-05-01 01:45:00,2025-05-01 08:25:00,2+ Stops,Business,6h 40m,17,24634
Air India,2025-04-10,AI8776,Bangalore,Kolkata,Bangalore -> Kolkata,2025-04-10 14:45:00,2025-04-10 17:54:00,1 Stop,Economy,3h 9m,19,10833
Go First,2025-05-02,G87170,Kolkata,Delhi,Kolkata -> Delhi,2025-05-02 17:45:00,2025-05-02 22:09:00,1 Stop,Economy,4h 24m,49,7843
IndiGo,2025-02-12,6E1688,Kolkata,Mumbai,Kolkata -> Mumbai,2025-02-12 18:15:00,2025-02-12 21:04:00,Non-stop,Business,2h 49m,14,21018
SpiceJet,2025-04-10,SG3667,Kolkata,Chennai,Kolkata -> Chennai,2025-04-10 11:45:00,2025-04-10 15:17:00,Non-stop,Business,3h 32m,18,13032
Vistara,2025-02-26,UK7700,Bangalore,Hyderabad,Bangalore -> Hyderabad,2025-02-26 12:15:00,2025-02-26 16:03:00,Non-stop,Business,3h 48m,11,17750
Akasa Air,2025-05-30,QP1710,Kolkata,Chennai,Kolkata -> Chennai,2025-05-30 13:20:00,2025-05-30 14:59:00,Non-stop,Economy,1h 39m,42,3635
Go First,2025-05-22,G88347,Delhi,Chennai,Delhi -> Chennai,2025-05-22 00:15:00,2025-05-22 07:25:00,2+ Stops,Business,7h 10m,37,12828
Akasa Air,2025-06-16,QP9952,Chennai,Kolkata,Chennai -> Kolkata,2025-06-16 06:50:00,2025-06-16 11:13:00,Non-stop,Economy,4h 23m,36,3935
Vistara,2025-02-05,UK3373,Bangalore,Mumbai,Bangalore -> Mumbai,2025-02-05 00:10:00,2025-02-05 09:39:00,2+ Stops,Economy,9h 29m,19,14258
Air India,2025-03-12,AI2997,Kolkata,Chennai,Kolkata -> Chennai,2025-03-12 19:50:00,2025-03-13 00:05:00,1 Stop,Business,4h 15m,42,10177
IndiGo,2025-06-04,6E6757,Hyderabad,Kolkata,Hyderabad -> Kolkata,2025-06-04 02:50:00,2025-06-04 08:46:00,1 Stop,Economy,5h 56m,56,9797
Go First,2025-03-10,G8488,Kolkata,Hyderabad,Kolkata -> Hyderabad,2025-03-10 09:50:00,2025-03-10 18:39:00,1 Stop,Economy,8h 49m,53,7294
Akasa Air,2025-03-01,QP8481,Chennai,Kolkata,Chennai -> Kolkata,2025-03-01 03:10:00,2025-03-01 10:58:00,1 Stop,Economy,7h 48m,28,5634
Vistara,2025-06-24,UK5667,Mumbai,Bangalore,Mumbai -> Bangalore,2025-06-24 06:15:00,2025-06-24 09:56:00,Non-stop,Economy,3h 41m,51,8253
Akasa Air,2025-04-08,QP8153,Mumbai,Kolkata,Mumbai -> Kolkata,2025-04-08 22:20:00,2025-04-09 05:04:00,1 Stop,Business,6h 44m,22,23679
IndiGo,2025-01-26,6E2394,Mumbai,Chennai,Mumbai -> Chennai,2025-01-26 07:15:00,2025-01-26 16:00:00,2+ Stops,Business,8h 45m,19,23696
Go First,2025-04-30,G85092,Kolkata,Hyderabad,Kolkata -> Hyderabad,2025-04-30 04:45:00,2025-04-30 11:54:00,2+ Stops,Business,7h 9m,44,22549
Air India,2025-02-27,AI558,Mumbai,Chennai,Mumbai -> Chennai,2025-02-27 18:00:00,2025-02-27 23:46:00,1 Stop,Business,5h 46m,20,29971
Air India,2025-06-16,AI5739,Chennai,Mumbai,Chennai -> Mumbai,2025-06-16 10:30:00,2025-06-16 17:25:00,1 Stop,Business,6h 55m,38,19905
Go First,2025-06-05,G87997,Mumbai,Hyderabad,Mumbai -> Hyderabad,2025-06-05 00:45:00,2025-06-05 03:59:00,Non-stop,Business,3h 14m,58,8382
Air India,2025-04-03,AI4659,Hyderabad,Delhi,Hyderabad -> Delhi,2025-04-03 11:20:00,2025-04-03 19:18:00,1 Stop,Economy,7h 58m,42,11132
Air India,2025-07-06,AI3418,Bangalore,Delhi,Bangalore -> Delhi,2025-07-06 03:15:00,2025-07-06 09:32:00,2+ Stops,Economy,6h 17m,26,9287
Go First,2025-03-05,G88667,Mumbai,Bangalore,Mumbai -> Bangalore,2025-03-05 22:45:00,2025-03-06 01:29:00,Non-stop,Business,2h 44m,17,7906
Go First,2025-02-24,G84454,Hyderabad,Bangalore,Hyderabad -> Bangalore,2025-02-24 23:50:00,2025-02-25 02:23:00,Non-stop,Business,2h 33m,6,5996
Air India,2025-05-30,AI4096,Hyderabad,Chennai,Hyderabad -> Chennai,2025-05-30 03:30:00,2025-05-30 07:20:00,Non-stop,Economy,3h 50m,31,5609
Vistara,2025-03-23,UK2007,Kolkata,Delhi,Kolkata -> Delhi,2025-03-23 03:30:00,2025-03-23 11:08:00,2+ Stops,Business,7h 38m,31,24867
Go First,2025-08-03,G87141,Delhi,Hyderabad,Delhi -> Hyderabad,2025-08-03 06:30:00,2025-08-03 17:18:00,2+ Stops,Business,10h 48m,50,12179
Go First,2025-06-01,G84535,Kolkata,Mumbai,Kolkata -> Mumbai,2025-06-01 15:30:00,2025-06-01 23:49:00,1 Stop,Business,8h 19m,22,15416
SpiceJet,2025-06-03,SG9295,Hyderabad,Bangalore,Hyderabad -> Bangalore,2025-06-03 03:50:00,2025-06-03 07:50:00,Non-stop,Business,4h 0m,41,20022
Vistara,2025-06-09,UK2772,Mumbai,Delhi,Mumbai -> Delhi,2025-06-09 21:15:00,2025-06-10 01:36:00,Non-stop,Economy,4h 21m,49,6085
IndiGo,2025-04-22,6E3897,Mumbai,Kolkata,Mumbai -> Kolkata,2025-04-22 10:50:00,2025-04-22 19:56:00,2+ Stops,Business,9h 6m,33,20324
Akasa Air,2025-04-25,QP2632,Bangalore,Mumbai,Bangalore -> Mumbai,2025-04-25 05:50:00,2025-04-25 08:10:00,Non-stop,Business,2h 20m,13,31412
Vistara,2025-04-19,UK4513,Mumbai,Kolkata,Mumbai -> Kolkata,2025-04-19 11:10:00,2025-04-19 16:56:00,1 Stop,Business,5h 46m,31,18879
Vistara,2025-04-15,UK9328,Kolkata,Hyderabad,Kolkata -> Hyderabad,2025-04-15 01:20:00,2025-04-15 10:11:00,1 Stop,Economy,8h 51m,1,10812
SpiceJet,2025-07-03,SG419,Chennai,Mumbai,Chennai -> Mumbai,2025-07-03 22:15:00,2025-07-04 03:16:00,1 Stop,Business,5h 1m,14,19673
Go First,2025-04-18,G89274,Chennai,Mumbai,Chennai -> Mumbai,2025-04-18 19:30:00,2025-04-19 00:36:00,1 Stop,Economy,5h 6m,52,5819
SpiceJet,2025-02-12,SG7959,Chennai,Hyderabad,Chennai -> Hyderabad,2025-02-12 21:20:00,2025-02-13 08:51:00,2+ Stops,Economy,11h 31m,31,10279
Go First,2025-06-17,G86244,Delhi,Mumbai,Delhi -> Mumbai,2025-06-17 10:15:00,2025-06-17 18:43:00,2+ Stops,Business,8h 28m,4,13777
Akasa Air,2025-04-02,QP1312,Bangalore,Hyderabad,Bangalore -> Hyderabad,2025-04-02 04:30:00,2025-04-02 11:42:00,1 Stop,Economy,7h 12m,53,7592
SpiceJet,2025-06-21,SG9483,Hyderabad,Bangalore,Hyderabad -> Bangalore,2025-06-21 09:45:00,2025-06-21 12:34:00,Non-stop,Economy,2h 49m,36,5071
SpiceJet,2025-04-05,SG7404,Chennai,Mumbai,Chennai -> Mumbai,2025-04-05 14:10:00,2025-04-05 19:31:00,1 Stop,Economy,5h 21m,12,6143
Go First,2025-05-28,G8479,Mumbai,Delhi,Mumbai -> Delhi,2025-05-28 13:20:00,2025-05-28 17:13:00,1 Stop,Economy,3h 53m,42,8460
IndiGo,2025-04-27,6E9368,Kolkata,Delhi,Kolkata -> Delhi,2025-04-27 17:20:00,2025-04-28 00:41:00,1 Stop,Economy,7h 21m,33,5275
IndiGo,2025-05-23,6E9247,Delhi,Chennai,Delhi -> Chennai,2025-05-23 02:30:00,2025-05-23 10:11:00,1 Stop,Economy,7h 41m,11,5669
Akasa Air,2025-03-09,QP7160,Bangalore,Hyderabad,Bangalore -> Hyderabad,2025-03-09 20:15:00,2025-03-09 22:56:00,Non-stop,Business,2h 41m,29,24876
Akasa Air,2025-04-23,QP7184,Delhi,Hyderabad,Delhi -> Hyderabad,2025-04-23 00:30:00,2025-04-23 03:30:00,1 Stop,Economy,3h 0m,37,7014
Air India,2025-05-08,AI4341,Mumbai,Chennai,Mumbai -> Chennai,2025-05-08 17:20:00,2025-05-09 04:32:00,2+ Stops,Business,11h 12m,44,19723
Air India,2025-01-14,AI3477,Bangalore,Mumbai,Bangalore -> Mumbai,2025-01-14 17:30:00,2025-01-14 20:04:00,Non-stop,Business,2h 34m,7,10701
SpiceJet,2025-04-01,SG3870,Chennai,Mumbai,Chennai -> Mumbai,2025-04-01 05:20:00,2025-04-01 10:19:00,1 Stop,Economy,4h 59m,13,6465
Air India,2025-04-26,AI7303,Delhi,Hyderabad,Delhi -> Hyderabad,2025-04-26 23:50:00,2025-04-27 07:14:00,2+ Stops,Economy,7h 24m,2,12456
Vistara,2025-03-11,UK3354,Mumbai,Hyderabad,Mumbai -> Hyderabad,2025-03-11 02:10:00,2025-03-11 12:56:00,2+ Stops,Economy,10h 46m,38,9692
IndiGo,2025-04-15,6E8113,Chennai,Hyderabad,Chennai -> Hyderabad,2025-04-15 13:10:00,2025-04-15 15:01:00,Non-stop,Business,1h 51m,23,19245
Go First,2025-04-09,G81934,Kolkata,Delhi,Kolkata -> Delhi,2025-04-09 13:20:00,2025-04-09 16:43:00,Non-stop,Business,3h 23m,1,9102
Akasa Air,2025-07-26,QP5026,Mumbai,Delhi,Mumbai -> Delhi,2025-07-26 12:20:00,2025-07-26 16:06:00,Non-stop,Business,3h 46m,42,5742
Air India,2025-05-22,AI3005,Hyderabad,Delhi,Hyderabad -> Delhi,2025-05-22 04:10:00,2025-05-22 13:58:00,2+ Stops,Economy,9h 48m,9,9943
Air India,2025-03-09,AI4901,Bangalore,Chennai,Bangalore -> Chennai,2025-03-09 13:10:00,2025-03-09 15:57:00,Non-stop,Economy,2h 47m,27,6990
IndiGo,2025-04-03,6E2760,Delhi,Hyderabad,Delhi -> Hyderabad,2025-04-03 12:45:00,2025-04-03 18:24:00,1 Stop,Business,5h 39m,14,7145
IndiGo,2025-06-13,6E7808,Delhi,Bangalore,Delhi -> Bangalore,2025-06-13 01:30:00,2025-06-13 09:16:00,1 Stop,Economy,7h 46m,59,5000
IndiGo,2025-02-13,6E5812,Mumbai,Delhi,Mumbai -> Delhi,2025-02-13 03:20:00,2025-02-13 10:14:00,1 Stop,Business,6h 54m,27,17061
Akasa Air,2025-04-07,QP111,Bangalore,Hyderabad,Bangalore -> Hyderabad,2025-04-07 04:15:00,2025-04-07 14:38:00,2+ Stops,Economy,10h 23m,31,11432
Akasa Air,2025-05-27,QP9459,Mumbai,Bangalore,Mumbai -> Bangalore,2025-05-27 04:50:00,2025-05-27 07:32:00,Non-stop,Economy,2h 42m,15,3276
Akasa Air,2025-03-12,QP6716,Bangalore,Chennai,Bangalore -> Chennai,2025-03-12 07:15:00,2025-03-12 10:36:00,Non-stop,Business,3h 21m,7,31900
Go First,2025-03-24,G88568,Hyderabad,Bangalore,Hyderabad -> Bangalore,2025-03-24 10:20:00,2025-03-24 18:29:00,1 Stop,Economy,8h 9m,49,7948
IndiGo,2025-06-22,6E3342,Mumbai,Delhi,Mumbai -> Delhi,2025-06-22 01:50:00,2025-06-22 04:15:00,Non-stop,Business,2h 25m,10,10380
Vistara,2025-07-08,UK8027,Bangalore,Mumbai,Bangalore -> Mumbai,2025-07-08 12:20:00,2025-07-08 16:59:00,Non-stop,Business,4h 39m,41,22913
IndiGo,2025-05-27,6E4676,Chennai,Hyderabad,Chennai -> Hyderabad,2025-05-27 10:10:00,2025-05-27 16:01:00,1 Stop,Business,5h 51m,60,23346
IndiGo,2025-04-09,6E5709,Hyderabad,Bangalore,Hyderabad -> Bangalore,2025-04-09 13:45:00,2025-04-09 15:51:00,Non-stop,Economy,2h 6m,5,6247
IndiGo,2025-04-08,6E2070,Hyderabad,Bangalore,Hyderabad -> Bangalore,2025-04-08 09:20:00,2025-04-08 16:25:00,1 Stop,Economy,7h 5m,9,8435
Go First,2025-02-24,G83292,Mumbai,Bangalore,Mumbai -> Bangalore,2025-02-24 06:45:00,2025-02-24 15:18:00,2+ Stops,Economy,8h 33m,50,12284
Go First,2025-04-04,G8869,Hyderabad,Bangalore,Hyderabad -> Bangalore,2025-04-04 22:30:00,2025-04-05 01:40:00,Non-stop,Economy,3h 10m,35,3856
Akasa Air,2025-07-11,QP3807,Chennai,Mumbai,Chennai -> Mumbai,2025-07-11 13:50:00,2025-07-11 16:53:00,Non-stop,Business,3h 3m,35,14784
Go First,2025-02-25,G87001,Kolkata,Hyderabad,Kolkata -> Hyderabad,2025-02-25 23:15:00,2025-02-26 00:31:00,Non-stop,Business,1h 16m,21,16840
Go First,2025-06-04,G89831,Delhi,Mumbai,Delhi -> Mumbai,2025-06-04 04:10:00,2025-06-04 08:58:00,1 Stop,Economy,4h 48m,49,8315
Air India,2025-03-18,AI6965,Kolkata,Chennai,Kolkata -> Chennai,2025-03-18 11:00:00,2025-03-18 14:08:00,Non-stop,Business,3h 8m,13,15544
Akasa Air,2025-05-08,QP9699,Chennai,Mumbai,Chennai -> Mumbai,2025-05-08 04:45:00,2025-05-08 09:45:00,1 Stop,Economy,5h 0m,14,8401
Go First,2025-04-01,G81781,Chennai,Hyderabad,Chennai -> Hyderabad,2025-04-01 21:20:00,2025-04-02 00:54:00,1 Stop,Business,3h 34m,31,10318
Akasa Air,2025-04-01,QP5693,Bangalore,Delhi,Bangalore -> Delhi,2025-04-01 03:45:00,2025-04-01 10:22:00,1 Stop,Economy,6h 37m,25,9044
SpiceJet,2025-06-10,SG3780,Hyderabad,Delhi,Hyderabad -> Delhi,2025-06-10 19:50:00,2025-06-11 00:45:00,1 Stop,Business,4h 55m,6,19242
Akasa Air,2025-05-03,QP1823,Bangalore,Kolkata,Bangalore -> Kolkata,2025-05-03 20:30:00,2025-05-04 03:12:00,1 Stop,Business,6h 42m,58,11868
IndiGo,2025-03-30,6E8055,Mumbai,Chennai,Mumbai -> Chennai,2025-03-30 18:20:00,2025-03-31 02:26:00,2+ Stops,Business,8h 6m,32,33688
Vistara,2025-06-07,UK8602,Chennai,Kolkata,Chennai -> Kolkata,2025-06-07 03:30:00,2025-06-07 10:06:00,2+ Stops,Economy,6h 36m,3,9439
SpiceJet,2025-05-08,SG9604,Chennai,Hyderabad,Chennai -> Hyderabad,2025-05-08 22:45:00,2025-05-09 02:26:00,Non-stop,Business,3h 41m,27,25096
Go First,2025-02-19,G8710,Kolkata,Hyderabad,Kolkata -> Hyderabad,2025-02-19 06:30:00,2025-02-19 08:10:00,Non-stop,Business,1h 40m,43,9927
Vistara,2025-04-30,UK564,Chennai,Kolkata,Chennai -> Kolkata,2025-04-30 11:50:00,2025-04-30 20:12:00,2+ Stops,Economy,8h 22m,55,11592
IndiGo,2025-04-02,6E5416,Kolkata,Bangalore,Kolkata -> Bangalore,2025-04-02 06:30:00,2025-04-02 17:50:00,2+ Stops,Business,11h 20m,50,15757
IndiGo,2025-04-04,6E5568,Bangalore,Chennai,Bangalore -> Chennai,2025-04-04 10:50:00,2025-04-04 14:48:00,1 Stop,Economy,3h 58m,35,9569
SpiceJet,2025-05-27,SG8246,Chennai,Mumbai,Chennai -> Mumbai,2025-05-27 06:15:00,2025-05-27 15:37:00,2+ Stops,Business,9h 22m,49,21910
Air India,2025-06-11,AI5388,Delhi,Mumbai,Delhi -> Mumbai,2025-06-11 09:30:00,2025-06-11 21:05:00,2+ Stops,Business,11h 35m,13,33572
Vistara,2025-06-09,UK1344,Mumbai,Delhi,Mumbai -> Delhi,2025-06-09 21:20:00,2025-06-10 02:05:00,1 Stop,Business,4h 45m,6,24404
Air India,2025-07-05,AI6411,Delhi,Kolkata,Delhi -> Kolkata,2025-07-05 02:15:00,2025-07-05 07:07:00,Non-stop,Economy,4h 52m,40,6014
Go First,2025-05-09,G82639,Chennai,Bangalore,Chennai -> Bangalore,2025-05-09 07:50:00,2025-05-09 15:05:00,2+ Stops,Economy,7h 15m,2,11760
Air India,2025-01-22,AI2481,Delhi,Kolkata,Delhi -> Kolkata,2025-01-22 19:20:00,2025-01-23 01:55:00,1 Stop,Economy,6h 35m,16,8758
Go First,2025-06-06,G89617,Kolkata,Chennai,Kolkata -> Chennai,2025-06-06 23:15:00,2025-06-07 11:38:00,2+ Stops,Business,12h 23m,57,22592
Air India,2025-07-02,AI5345,Hyderabad,Bangalore,Hyderabad -> Bangalore,2025-07-02 04:15:00,2025-07-02 12:05:00,2+ Stops,Economy,7h 50m,5,9869
Akasa Air,2025-06-11,QP7894,Hyderabad,Bangalore,Hyderabad -> Bangalore,2025-06-11 07:45:00,2025-06-11 16:29:00,1 Stop,Economy,8h 44m,7,7862
Go First,2025-06-06,G8971,Kolkata,Chennai,Kolkata -> Chennai,2025-06-06 18:20:00,2025-06-06 20:21:00,Non-stop,Business,2h 1m,29,28316
IndiGo,2025-06-29,6E5795,Kolkata,Mumbai,Kolkata -> Mumbai,2025-06-29 11:00:00,2025-06-29 19:36:00,2+ Stops,Business,8h 36m,5,16348
Vistara,2025-03-23,UK7158,Chennai,Mumbai,Chennai -> Mumbai,2025-03-23 21:20:00,2025-03-24 05:04:00,1 Stop,Business,7h 44m,26,14581
Go First,2025-07-14,G86770,Mumbai,Chennai,Mumbai -> Chennai,2025-07-14 10:50:00,2025-07-14 12:35:00,Non-stop,Business,1h 45m,44,14624
IndiGo,2025-03-30,6E1142,Hyderabad,Kolkata,Hyderabad -> Kolkata,2025-03-30 23:10:00,2025-03-31 02:03:00,Non-stop,Economy,2h 53m,47,2741
Akasa Air,2025-02-14,QP8209,Chennai,Delhi,Chennai -> Delhi,2025-02-14 03:20:00,2025-02-14 15:03:00,2+ Stops,Business,11h 43m,22,23366
Vistara,2025-03-28,UK2369,Bangalore,Mumbai,Bangalore -> Mumbai,2025-03-28 11:10:00,2025-03-28 21:06:00,2+ Stops,Business,9h 56m,7,18941
SpiceJet,2025-07-08,SG6676,Mumbai,Bangalore,Mumbai -> Bangalore,2025-07-08 20:00:00,2025-07-09 02:48:00,1 Stop,Economy,6h 48m,23,8318
IndiGo,2025-05-20,6E1097,Hyderabad,Delhi,Hyderabad -> Delhi,2025-05-20 03:10:00,2025-05-20 04:10:00,Non-stop,Business,1h 0m,44,16953
IndiGo,2025-03-14,6E9407,Hyderabad,Bangalore,Hyderabad -> Bangalore,2025-03-14 05:10:00,2025-03-14 15:41:00,2+ Stops,Economy,10h 31m,55,10778
SpiceJet,2025-05-15,SG1688,Chennai,Mumbai,Chennai -> Mumbai,2025-05-15 18:10:00,2025-05-16 03:04:00,1 Stop,Economy,8h 54m,39,7960
Vistara,2025-07-17,UK597,Hyderabad,Delhi,Hyderabad -> Delhi,2025-07-17 03:50:00,2025-07-17 08:56:00,1 Stop,Business,5h 6m,60,19969
Air India,2025-03-20,AI1733,Kolkata,Mumbai,Kolkata -> Mumbai,2025-03-20 19:15:00,2025-03-21 03:50:00,1 Stop,Business,8h 35m,39,16207
Go First,2025-03-02,G81172,Bangalore,Mumbai,Bangalore -> Mumbai,2025-03-02 07:50:00,2025-03-02 12:40:00,1 Stop,Business,4h 50m,24,9640
Vistara,2025-06-25,UK9785,Delhi,Chennai,Delhi -> Chennai,2025-06-25 20:15:00,2025-06-26 06:51:00,2+ Stops,Business,10h 36m,6,33723
SpiceJet,2025-04-10,SG5348,Mumbai,Hyderabad,Mumbai -> Hyderabad,2025-04-10 09:45:00,2025-04-10 16:12:00,1 Stop,Business,6h 27m,49,10570
Vistara,2025-07-07,UK1809,Bangalore,Chennai,Bangalore -> Chennai,2025-07-07 12:15:00,2025-07-07 18:04:00,1 Stop,Economy,5h 49m,31,11523
IndiGo,2025-07-28,6E3181,Delhi,Kolkata,Delhi -> Kolkata,2025-07-28 23:30:00,2025-07-29 07:11:00,2+ Stops,Business,7h 41m,58,14682
IndiGo,2025-06-10,6E5063,Kolkata,Mumbai,Kolkata -> Mumbai,2025-06-10 01:50:00,2025-06-10 14:17:00,2+ Stops,Economy,12h 27m,23,11185
Akasa Air,2025-03-19,QP832,Mumbai,Delhi,Mumbai -> Delhi,2025-03-19 07:45:00,2025-03-19 11:30:00,1 Stop,Economy,3h 45m,30,7980
Go First,2025-07-10,G8355,Delhi,Hyderabad,Delhi -> Hyderabad,2025-07-10 03:15:00,2025-07-10 05:57:00,Non-stop,Business,2h 42m,14,11850
Air India,2025-02-16,AI6191,Kolkata,Delhi,Kolkata -> Delhi,2025-02-16 19:10:00,2025-02-17 06:26:00,2+ Stops,Business,11h 16m,10,35756
SpiceJet,2025-07-23,SG3456,Chennai,Bangalore,Chennai -> Bangalore,2025-07-23 00:20:00,2025-07-23 06:37:00,1 Stop,Economy,6h 17m,27,8018
Go First,2025-07-01,G8270,Chennai,Kolkata,Chennai -> Kolkata,2025-07-01 14:10:00,2025-07-02 01:24:00,2+ Stops,Economy,11h 14m,3,11191
IndiGo,2025-05-30,6E2703,Kolkata,Delhi,Kolkata -> Delhi,2025-05-30 10:10:00,2025-05-30 18:53:00,2+ Stops,Business,8h 43m,12,23505
SpiceJet,2025-03-21,SG9440,Bangalore,Delhi,Bangalore -> Delhi,2025-03-21 12:50:00,2025-03-21 14:25:00,Non-stop,Business,1h 35m,49,8288
Go First,2025-02-05,G8684,Kolkata,Hyderabad,Kolkata -> Hyderabad,2025-02-05 07:00:00,2025-02-05 11:05:00,1 Stop,Economy,4h 5m,7,6372
Go First,2025-07-01,G86176,Kolkata,Mumbai,Kolkata -> Mumbai,2025-07-01 01:45:00,2025-07-01 13:57:00,2+ Stops,Economy,12h 12m,29,8283
Go First,2025-05-01,G8332,Mumbai,Kolkata,Mumbai -> Kolkata,2025-05-01 05:15:00,2025-05-01 10:12:00,1 Stop,Economy,4h 57m,56,7483
Air India,2025-03-04,AI4880,Hyderabad,Delhi,Hyderabad -> Delhi,2025-03-04 20:10:00,2025-03-05 04:56:00,1 Stop,Business,8h 46m,15,10763
Air India,2025-03-19,AI9957,Hyderabad,Bangalore,Hyderabad -> Bangalore,2025-03-19 04:30:00,2025-03-19 07:37:00,1 Stop,Economy,3h 7m,36,9418
Go First,2025-05-10,G8386,Hyderabad,Mumbai,Hyderabad -> Mumbai,2025-05-10 11:00:00,2025-05-10 12:43:00,Non-stop,Economy,1h 43m,47,2548
Vistara,2025-06-02,UK156,Hyderabad,Delhi,Hyderabad -> Delhi,2025-06-02 18:00:00,2025-06-02 19:36:00,Non-stop,Economy,1h 36m,53,4662
Akasa Air,2025-07-14,QP7905,Hyderabad,Kolkata,Hyderabad -> Kolkata,2025-07-14 19:20:00,2025-07-15 03:35:00,1 Stop,Business,8h 15m,19,24260
Akasa Air,2025-06-17,QP7554,Kolkata,Mumbai,Kolkata -> Mumbai,2025-06-17 11:10:00,2025-06-17 14:50:00,Non-stop,Economy,3h 40m,30,5682
SpiceJet,2025-04-15,SG2726,Bangalore,Delhi,Bangalore -> Delhi,2025-04-15 04:00:00,2025-04-15 10:45:00,1 Stop,Economy,6h 45m,28,7051
Akasa Air,2025-05-14,QP5882,Mumbai,Hyderabad,Mumbai -> Hyderabad,2025-05-14 14:45:00,2025-05-14 21:09:00,1 Stop,Business,6h 24m,27,18101
Akasa Air,2025-03-18,QP6635,Mumbai,Chennai,Mumbai -> Chennai,2025-03-18 06:45:00,2025-03-18 09:40:00,Non-stop,Business,2h 55m,14,25180
Vistara,2025-04-25,UK6240,Chennai,Bangalore,Chennai -> Bangalore,2025-04-25 04:20:00,2025-04-25 08:39:00,Non-stop,Business,4h 19m,14,7832
Air India,2025-05-22,AI5632,Hyderabad,Mumbai,Hyderabad -> Mumbai,2025-05-22 16:20:00,2025-05-22 20:21:00,Non-stop,Economy,4h 1m,43,7161
Go First,2025-03-31,G82923,Bangalore,Chennai,Bangalore -> Chennai,2025-03-31 20:20:00,2025-04-01 09:11:00,2+ Stops,Economy,12h 51m,50,8418
SpiceJet,2025-06-23,SG7777,Mumbai,Bangalore,Mumbai -> Bangalore,2025-06-23 10:30:00,2025-06-23 21:17:00,2+ Stops,Economy,10h 47m,49,6562
IndiGo,2025-02-15,6E451,Delhi,Mumbai,Delhi -> Mumbai,2025-02-15 10:15:00,2025-02-15 12:28:00,Non-stop,Business,2h 13m,22,9120
Go First,2025-04-28,G85269,Hyderabad,Kolkata,Hyderabad -> Kolkata,2025-04-28 22:10:00,2025-04-29 03:16:00,1 Stop,Economy,5h 6m,31,5079
Vistara,2025-03-09,UK2040,Hyderabad,Chennai,Hyderabad -> Chennai,2025-03-09 17:30:00,2025-03-10 03:14:00,2+ Stops,Business,9h 44m,27,16805
Air India,2025-04-17,AI7389,Delhi,Mumbai,Delhi -> Mumbai,2025-04-17 15:20:00,2025-04-17 20:09:00,1 Stop,Economy,4h 49m,9,11210
SpiceJet,2025-05-07,SG7324,Hyderabad,Chennai,Hyderabad -> Chennai,2025-05-07 00:20:00,2025-05-07 10:42:00,2+ Stops,Business,10h 22m,12,12870
Air India,2025-05-25,AI2310,Hyderabad,Bangalore,Hyderabad -> Bangalore,2025-05-25 04:00:00,2025-05-25 11:40:00,2+ Stops,Business,7h 40m,44,24416
SpiceJet,2025-07-11,SG9976,Kolkata,Delhi,Kolkata -> Delhi,2025-07-11 13:10:00,2025-07-11 18:22:00,1 Stop,Business,5h 12m,40,15528
SpiceJet,2025-05-04,SG2834,Delhi,Bangalore,Delhi -> Bangalore,2025-05-04 08:20:00,2025-05-04 13:22:00,1 Stop,Business,5h 2m,45,25987
IndiGo,2025-06-18,6E5554,Hyderabad,Delhi,Hyderabad -> Delhi,2025-06-18 00:45:00,2025-06-18 07:04:00,2+ Stops,Business,6h 19m,9,16961
Vistara,2025-05-22,UK689,Chennai,Bangalore,Chennai -> Bangalore,2025-05-22 10:15:00,2025-05-22 23:05:00,2+ Stops,Business,12h 50m,45,29741
Air India,2025-03-27,AI5772,Chennai,Bangalore,Chennai -> Bangalore,2025-03-27 15:15:00,2025-03-27 19:13:00,1 Stop,Business,3h 58m,36,17146
SpiceJet,2025-03-26,SG8436,Delhi,Mumbai,Delhi -> Mumbai,2025-03-26 03:10:00,2025-03-26 05:33:00,Non-stop,Economy,2h 23m,52,3761
Go First,2025-01-05,G83982,Delhi,Mumbai,Delhi -> Mumbai,2025-01-05 23:50:00,2025-01-06 06:54:00,1 Stop,Economy,7h 4m,1,9555
Vistara,2025-03-13,UK5521,Chennai,Delhi,Chennai -> Delhi,2025-03-13 01:45:00,2025-03-13 04:43:00,Non-stop,Economy,2h 58m,40,6020
IndiGo,2025-08-15,6E1600,Delhi,Hyderabad,Delhi -> Hyderabad,2025-08-15 07:10:00,2025-08-15 08:34:00,Non-stop,Business,1h 24m,51,30492
Air India,2025-08-08,AI7899,Mumbai,Hyderabad,Mumbai -> Hyderabad,2025-08-08 05:20:00,2025-08-08 14:03:00,1 Stop,Economy,8h 43m,39,9003
Go First,2025-03-22,G8203,Delhi,Bangalore,Delhi -> Bangalore,2025-03-22 04:30:00,2025-03-22 12:14:00,2+ Stops,Economy,7h 44m,13,6890
Air India,2025-07-08,AI5365,Mumbai,Bangalore,Mumbai -> Bangalore,2025-07-08 18:15:00,2025-07-09 03:47:00,2+ Stops,Business,9h 32m,26,18388
SpiceJet,2025-08-05,SG4044,Hyderabad,Delhi,Hyderabad -> Delhi,2025-08-05 08:15:00,2025-08-05 09:18:00,Non-stop,Economy,1h 3m,42,6546
SpiceJet,2025-06-28,SG1089,Hyderabad,Kolkata,Hyderabad -> Kolkata,2025-06-28 22:20:00,2025-06-28 23:40:00,Non-stop,Business,1h 20m,6,29840
IndiGo,2025-05-01,6E9425,Bangalore,Kolkata,Bangalore -> Kolkata,2025-05-01 23:50:00,2025-05-02 05:21:00,1 Stop,Business,5h 31m,29,21636
Akasa Air,2025-01-22,QP3217,Mumbai,Chennai,Mumbai -> Chennai,2025-01-22 22:15:00,2025-01-23 05:11:00,1 Stop,Business,6h 56m,11,17420
Vistara,2025-05-27,UK7508,Mumbai,Bangalore,Mumbai -> Bangalore,2025-05-27 13:00:00,2025-05-27 16:24:00,Non-stop,Economy,3h 24m,48,7772
SpiceJet,2025-06-11,SG328,Kolkata,Mumbai,Kolkata -> Mumbai,2025-06-11 05:10:00,2025-06-11 06:35:00,Non-stop,Business,1h 25m,10,11181
SpiceJet,2025-03-08,SG3340,Delhi,Hyderabad,Delhi -> Hyderabad,2025-03-08 09:50:00,2025-03-08 18:04:00,2+ Stops,Economy,8h 14m,26,11970
Akasa Air,2025-04-06,QP8277,Kolkata,Hyderabad,Kolkata -> Hyderabad,2025-04-06 15:45:00,2025-04-06 18:51:00,Non-stop,Economy,3h 6m,55,5148
Akasa Air,2025-03-12,QP7910,Hyderabad,Bangalore,Hyderabad -> Bangalore,2025-03-12 16:20:00,2025-03-12 20:51:00,Non-stop,Economy,4h 31m,10,5023
Akasa Air,2025-07-22,QP2698,Bangalore,Kolkata,Bangalore -> Kolkata,2025-07-22 13:30:00,2025-07-22 16:03:00,Non-stop,Business,2h 33m,44,21176
SpiceJet,2025-02-17,SG2199,Bangalore,Chennai,Bangalore -> Chennai,2025-02-17 00:20:00,2025-02-17 06:35:00,1 Stop,Economy,6h 15m,31,7581
Air India,2025-05-03,AI5220,Chennai,Kolkata,Chennai -> Kolkata,2025-05-03 17:15:00,2025-05-04 05:36:00,2+ Stops,Economy,12h 21m,51,9359
Akasa Air,2025-04-11,QP9476,Mumbai,Chennai,Mumbai -> Chennai,2025-04-11 07:20:00,2025-04-11 17:16:00,2+ Stops,Economy,9h 56m,40,10159
IndiGo,2025-02-11,6E6393,Mumbai,Chennai,Mumbai -> Chennai,2025-02-11 16:20:00,2025-02-12 00:17:00,1 Stop,Business,7h 57m,21,10941
Air India,2025-02-09,AI4625,Chennai,Mumbai,Chennai -> Mumbai,2025-02-09 15:10:00,2025-02-09 16:30:00,Non-stop,Business,1h 20m,24,24252
Go First,2025-04-23,G82494,Bangalore,Kolkata,Bangalore -> Kolkata,2025-04-23 19:30:00,2025-04-23 22:29:00,Non-stop,Economy,2h 59m,32,4921
Akasa Air,2025-06-13,QP1092,Chennai,Mumbai,Chennai -> Mumbai,2025-06-13 09:10:00,2025-06-13 15:54:00,1 Stop,Economy,6h 44m,34,6476
Air India,2025-06-18,AI2460,Bangalore,Delhi,Bangalore -> Delhi,2025-06-18 20:50:00,2025-06-19 00:13:00,1 Stop,Business,3h 23m,2,14908
Vistara,2025-04-20,UK9197,Mumbai,Chennai,Mumbai -> Chennai,2025-04-20 03:15:00,2025-04-20 08:27:00,1 Stop,Business,5h 12m,29,13865
Air India,2025-03-29,AI5388,Delhi,Mumbai,Delhi -> Mumbai,2025-03-29 17:20:00,2025-03-29 21:40:00,1 Stop,Business,4h 20m,4,17799
Vistara,2025-06-27,UK5406,Kolkata,Mumbai,Kolkata -> Mumbai,2025-06-27 01:45:00,2025-06-27 07:21:00,1 Stop,Economy,5h 36m,21,9805
Akasa Air,2025-03-19,QP2260,Kolkata,Delhi,Kolkata -> Delhi,2025-03-19 04:10:00,2025-03-19 06:55:00,Non-stop,Economy,2h 45m,60,3252
SpiceJet,2025-04-25,SG5950,Bangalore,Delhi,Bangalore -> Delhi,2025-04-25 02:20:00,2025-04-25 09:23:00,1 Stop,Business,7h 3m,27,25693
Air India,2025-03-11,AI9080,Delhi,Bangalore,Delhi -> Bangalore,2025-03-11 03:50:00,2025-03-11 08:05:00,1 Stop,Economy,4h 15m,29,11680
Go First,2025-02-11,G8496,Delhi,Bangalore,Delhi -> Bangalore,2025-02-11 01:10:00,2025-02-11 04:05:00,Non-stop,Economy,2h 55m,31,6600
SpiceJet,2025-05-13,SG5391,Kolkata,Hyderabad,Kolkata -> Hyderabad,2025-05-13 09:20:00,2025-05-13 13:55:00,Non-stop,Economy,4h 35m,2,2828
Air India,2025-06-14,AI9761,Delhi,Bangalore,Delhi -> Bangalore,2025-06-14 15:00:00,2025-06-14 23:05:00,1 Stop,Business,8h 5m,15,16653
Air India,2025-08-08,AI2594,Hyderabad,Delhi,Hyderabad -> Delhi,2025-08-08 23:30:00,2025-08-09 05:05:00,1 Stop,Business,5h 35m,59,22882
Air India,2025-03-29,AI4298,Bangalore,Mumbai,Bangalore -> Mumbai,2025-03-29 12:00:00,2025-03-29 20:28:00,2+ Stops,Economy,8h 28m,21,13120
Akasa Air,2025-02-10,QP8485,Kolkata,Mumbai,Kolkata -> Mumbai,2025-02-10 01:20:00,2025-02-10 03:32:00,Non-stop,Business,2h 12m,12,17020
SpiceJet,2025-07-22,SG6013,Kolkata,Delhi,Kolkata -> Delhi,2025-07-22 07:30:00,2025-07-22 12:02:00,1 Stop,Economy,4h 32m,42,6063
Air India,2025-05-12,AI3064,Bangalore,Mumbai,Bangalore -> Mumbai,2025-05-12 23:15:00,2025-05-13 05:53:00,1 Stop,Economy,6h 38m,32,10010
Go First,2025-06-12,G89876,Bangalore,Mumbai,Bangalore -> Mumbai,2025-06-12 03:00:00,2025-06-12 04:54:00,Non-stop,Economy,1h 54m,5,4746
IndiGo,2025-07-12,6E5071,Kolkata,Hyderabad,Kolkata -> Hyderabad,2025-07-12 05:00:00,2025-07-12 08:13:00,Non-stop,Economy,3h 13m,47,5966
Akasa Air,2025-07-14,QP6208,Delhi,Kolkata,Delhi -> Kolkata,2025-07-14 00:15:00,2025-07-14 01:34:00,Non-stop,Economy,1h 19m,27,4652
Vistara,2025-06-28,UK3453,Delhi,Mumbai,Delhi -> Mumbai,2025-06-28 05:00:00,2025-06-28 06:46:00,Non-stop,Economy,1h 46m,57,8229
Go First,2025-07-01,G89233,Bangalore,Kolkata,Bangalore -> Kolkata,2025-07-01 18:20:00,2025-07-01 20:33:00,Non-stop,Economy,2h 13m,2,5756
Akasa Air,2025-05-23,QP6283,Delhi,Mumbai,Delhi -> Mumbai,2025-05-23 14:20:00,2025-05-23 15:56:00,Non-stop,Economy,1h 36m,32,7878
IndiGo,2025-06-19,6E4701,Chennai,Bangalore,Chennai -> Bangalore,2025-06-19 06:50:00,2025-06-19 10:32:00,1 Stop,Business,3h 42m,47,10492
Vistara,2025-07-20,UK131,Chennai,Delhi,Chennai -> Delhi,2025-07-20 13:30:00,2025-07-20 23:20:00,2+ Stops,Economy,9h 50m,56,9060
SpiceJet,2025-05-31,SG1548,Hyderabad,Bangalore,Hyderabad -> Bangalore,2025-05-31 17:10:00,2025-06-01 02:07:00,1 Stop,Business,8h 57m,30,29350
SpiceJet,2025-05-21,SG5781,Kolkata,Mumbai,Kolkata -> Mumbai,2025-05-21 11:20:00,2025-05-21 16:29:00,1 Stop,Business,5h 9m,38,22563
Vistara,2025-04-03,UK1516,Hyderabad,Bangalore,Hyderabad -> Bangalore,2025-04-03 10:15:00,2025-04-03 19:43:00,2+ Stops,Economy,9h 28m,57,9256
Go First,2025-07-16,G82476,Hyderabad,Bangalore,Hyderabad -> Bangalore,2025-07-16 23:10:00,2025-07-17 07:02:00,2+ Stops,Economy,7h 52m,35,9080
Vistara,2025-05-17,UK1933,Hyderabad,Chennai,Hyderabad -> Chennai,2025-05-17 03:30:00,2025-05-17 07:29:00,Non-stop,Economy,3h 59m,3,6357
Akasa Air,2025-04-27,QP5586,Kolkata,Delhi,Kolkata -> Delhi,2025-04-27 17:20:00,2025-04-28 05:12:00,2+ Stops,Business,11h 52m,21,21614
Akasa Air,2025-06-28,QP6784,Chennai,Delhi,Chennai -> Delhi,2025-06-28 20:20:00,2025-06-28 23:05:00,Non-stop,Economy,2h 45m,15,6632
IndiGo,2025-05-04,6E8213,Mumbai,Delhi,Mumbai -> Delhi,2025-05-04 07:50:00,2025-05-04 13:42:00,1 Stop,Economy,5h 52m,45,9246
IndiGo,2025-03-19,6E3229,Delhi,Mumbai,Delhi -> Mumbai,2025-03-19 03:10:00,2025-03-19 04:14:00,Non-stop,Business,1h 4m,2,12414
Vistara,2025-06-29,UK5957,Chennai,Kolkata,Chennai -> Kolkata,2025-06-29 19:15:00,2025-06-30 01:38:00,1 Stop,Economy,6h 23m,1,8865
Go First,2025-02-18,G89761,Kolkata,Chennai,Kolkata -> Chennai,2025-02-18 21:20:00,2025-02-19 01:40:00,Non-stop,Business,4h 20m,38,8262
Akasa Air,2025-03-17,QP7859,Kolkata,Chennai,Kolkata -> Chennai,2025-03-17 13:45:00,2025-03-18 00:41:00,2+ Stops,Business,10h 56m,50,17588
IndiGo,2025-06-06,6E8086,Delhi,Hyderabad,Delhi -> Hyderabad,2025-06-06 02:00:00,2025-06-06 03:29:00,Non-stop,Business,1h 29m,17,10526
Go First,2025-06-11,G87788,Delhi,Kolkata,Delhi -> Kolkata,2025-06-11 22:50:00,2025-06-12 03:29:00,1 Stop,Business,4h 39m,20,8954
Air India,2025-07-09,AI9822,Chennai,Delhi,Chennai -> Delhi,2025-07-09 14:00:00,2025-07-09 21:29:00,2+ Stops,Business,7h 29m,60,28078
Akasa Air,2025-07-06,QP898,Bangalore,Chennai,Bangalore -> Chennai,2025-07-06 16:20:00,2025-07-06 20:38:00,Non-stop,Economy,4h 18m,8,2826
SpiceJet,2025-07-03,SG9948,Bangalore,Hyderabad,Bangalore -> Hyderabad,2025-07-03 04:50:00,2025-07-03 07:20:00,Non-stop,Business,2h 30m,8,9080
Vistara,2025-03-08,UK2993,Kolkata,Delhi,Kolkata -> Delhi,2025-03-08 07:15:00,2025-03-08 18:09:00,2+ Stops,Business,10h 54m,20,24313
Akasa Air,2025-02-12,QP2002,Delhi,Bangalore,Delhi -> Bangalore,2025-02-12 23:30:00,2025-02-13 05:58:00,2+ Stops,Business,6h 28m,9,26773
IndiGo,2025-06-30,6E8704,Chennai,Bangalore,Chennai -> Bangalore,2025-06-30 03:20:00,2025-06-30 06:37:00,1 Stop,Business,3h 17m,41,30124
IndiGo,2025-08-16,6E1167,Delhi,Kolkata,Delhi -> Kolkata,2025-08-16 11:20:00,2025-08-16 19:18:00,1 Stop,Economy,7h 58m,57,4873
IndiGo,2025-07-02,6E2754,Delhi,Chennai,Delhi -> Chennai,2025-07-02 06:20:00,2025-07-02 16:43:00,2+ Stops,Business,10h 23m,12,18516
Air India,2025-02-16,AI9637,Kolkata,Delhi,Kolkata -> Delhi,2025-02-16 07:10:00,2025-02-16 10:18:00,Non-stop,Business,3h 8m,36,9273
IndiGo,2025-07-24,6E8459,Delhi,Mumbai,Delhi -> Mumbai,2025-07-24 08:30:00,2025-07-24 14:49:00,2+ Stops,Economy,6h 19m,34,9115
Vistara,2025-06-03,UK3598,Mumbai,Hyderabad,Mumbai -> Hyderabad,2025-06-03 06:00:00,2025-06-03 10:35:00,Non-stop,Economy,4h 35m,31,5696
Akasa Air,2025-03-15,QP2180,Hyderabad,Mumbai,Hyderabad -> Mumbai,2025-03-15 15:30:00,2025-03-15 17:45:00,Non-stop,Business,2h 15m,56,22875
Air India,2025-06-09,AI4400,Kolkata,Delhi,Kolkata -> Delhi,2025-06-09 01:50:00,2025-06-09 07:51:00,1 Stop,Economy,6h 1m,49,8861
Vistara,2025-07-08,UK3781,Chennai,Mumbai,Chennai -> Mumbai,2025-07-08 16:20:00,2025-07-09 05:08:00,2+ Stops,Economy,12h 48m,31,11930
Go First,2025-07-01,G84812,Kolkata,Delhi,Kolkata -> Delhi,2025-07-01 00:20:00,2025-07-01 02:05:00,Non-stop,Economy,1h 45m,28,7754
IndiGo,2025-05-17,6E6154,Bangalore,Hyderabad,Bangalore -> Hyderabad,2025-05-17 20:50:00,2025-05-18 02:43:00,1 Stop,Business,5h 53m,18,17119
Vistara,2025-07-08,UK6425,Chennai,Hyderabad,Chennai -> Hyderabad,2025-07-08 21:30:00,2025-07-09 09:20:00,2+ Stops,Economy,11h 50m,45,12724
IndiGo,2025-07-11,6E8122,Bangalore,Chennai,Bangalore -> Chennai,2025-07-11 20:00:00,2025-07-12 04:17:00,1 Stop,Business,8h 17m,34,21519
Air India,2025-03-27,AI5229,Bangalore,Mumbai,Bangalore -> Mumbai,2025-03-27 11:15:00,2025-03-27 14:48:00,Non-stop,Business,3h 33m,37,15843
Go First,2025-07-26,G87044,Chennai,Mumbai,Chennai -> Mumbai,2025-07-26 04:50:00,2025-07-26 13:02:00,2+ Stops,Business,8h 12m,50,32099
Air India,2025-02-12,AI7680,Hyderabad,Chennai,Hyderabad -> Chennai,2025-02-12 23:45:00,2025-02-13 08:00:00,1 Stop,Economy,8h 15m,12,11516
Akasa Air,2025-03-28,QP5627,Mumbai,Hyderabad,Mumbai -> Hyderabad,2025-03-28 12:20:00,2025-03-28 21:19:00,2+ Stops,Business,8h 59m,24,24305
SpiceJet,2025-06-15,SG1280,Bangalore,Delhi,Bangalore -> Delhi,2025-06-15 12:00:00,2025-06-15 14:51:00,Non-stop,Business,2h 51m,25,19665
Go First,2025-05-25,G89661,Bangalore,Chennai,Bangalore -> Chennai,2025-05-25 06:15:00,2025-05-25 10:55:00,Non-stop,Business,4h 40m,37,14752
Vistara,2025-02-13,UK7262,Kolkata,Bangalore,Kolkata -> Bangalore,2025-02-13 05:00:00,2025-02-13 08:02:00,1 Stop,Economy,3h 2m,8,7992
Go First,2025-03-17,G88869,Bangalore,Mumbai,Bangalore -> Mumbai,2025-03-17 23:45:00,2025-03-18 03:47:00,1 Stop,Economy,4h 2m,51,3808
SpiceJet,2025-03-17,SG4641,Bangalore,Hyderabad,Bangalore -> Hyderabad,2025-03-17 07:30:00,2025-03-17 18:18:00,2+ Stops,Business,10h 48m,16,25049
Air India,2025-03-19,AI476,Hyderabad,Chennai,Hyderabad -> Chennai,2025-03-19 05:50:00,2025-03-19 10:24:00,1 Stop,Economy,4h 34m,21,6499
Go First,2025-03-12,G84519,Kolkata,Delhi,Kolkata -> Delhi,2025-03-12 13:10:00,2025-03-12 17:49:00,Non-stop,Economy,4h 39m,7,3921
Air India,2025-07-07,AI4678,Delhi,Mumbai,Delhi -> Mumbai,2025-07-07 09:20:00,2025-07-07 21:58:00,2+ Stops,Business,12h 38m,16,17759
IndiGo,2025-03-09,6E1443,Kolkata,Hyderabad,Kolkata -> Hyderabad,2025-03-09 23:20:00,2025-03-10 11:44:00,2+ Stops,Economy,12h 24m,29,11046
Air India,2025-04-15,AI8153,Kolkata,Chennai,Kolkata -> Chennai,2025-04-15 00:20:00,2025-04-15 10:44:00,2+ Stops,Business,10h 24m,22,20963
Air India,2025-04-25,AI1367,Hyderabad,Kolkata,Hyderabad -> Kolkata,2025-04-25 06:10:00,2025-04-25 11:35:00,1 Stop,Business,5h 25m,11,21243
Air India,2025-06-27,AI6316,Hyderabad,Kolkata,Hyderabad -> Kolkata,2025-06-27 18:10:00,2025-06-28 05:14:00,2+ Stops,Business,11h 4m,2,14878
SpiceJet,2025-05-24,SG5990,Kolkata,Delhi,Kolkata -> Delhi,2025-05-24 23:20:00,2025-05-25 02:47:00,1 Stop,Business,3h 27m,32,12255
SpiceJet,2025-03-09,SG4357,Kolkata,Mumbai,Kolkata -> Mumbai,2025-03-09 18:45:00,2025-03-10 05:18:00,2+ Stops,Economy,10h 33m,11,7359
SpiceJet,2025-03-28,SG886,Mumbai,Delhi,Mumbai -> Delhi,2025-03-28 02:30:00,2025-03-28 12:33:00,2+ Stops,Business,10h 3m,46,16641
Vistara,2025-06-16,UK2541,Bangalore,Mumbai,Bangalore -> Mumbai,2025-06-16 08:50:00,2025-06-16 11:16:00,Non-stop,Business,2h 26m,55,17460
IndiGo,2025-05-31,6E3898,Delhi,Chennai,Delhi -> Chennai,2025-05-31 20:50:00,2025-06-01 04:08:00,2+ Stops,Business,7h 18m,4,15901
IndiGo,2025-01-31,6E3301,Hyderabad,Delhi,Hyderabad -> Delhi,2025-01-31 08:50:00,2025-01-31 10:39:00,Non-stop,Business,1h 49m,5,21099
Akasa Air,2025-04-18,QP3031,Mumbai,Chennai,Mumbai -> Chennai,2025-04-18 07:50:00,2025-04-18 11:44:00,Non-stop,Economy,3h 54m,60,4730
Go First,2025-03-14,G8439,Hyderabad,Chennai,Hyderabad -> Chennai,2025-03-14 12:10:00,2025-03-14 13:40:00,Non-stop,Economy,1h 30m,58,3583
Air India,2025-04-03,AI6116,Hyderabad,Bangalore,Hyderabad -> Bangalore,2025-04-03 14:10:00,2025-04-03 20:55:00,2+ Stops,Economy,6h 45m,30,10948
Go First,2025-01-10,G8792,Delhi,Hyderabad,Delhi -> Hyderabad,2025-01-10 09:20:00,2025-01-10 21:51:00,2+ Stops,Business,12h 31m,9,34006
Vistara,2025-06-28,UK8702,Kolkata,Chennai,Kolkata -> Chennai,2025-06-28 18:45:00,2025-06-29 04:33:00,2+ Stops,Business,9h 48m,23,26047
Go First,2025-02-02,G88287,Mumbai,Delhi,Mumbai -> Delhi,2025-02-02 19:15:00,2025-02-02 22:53:00,1 Stop,Business,3h 38m,14,18515
SpiceJet,2025-01-18,SG491,Bangalore,Hyderabad,Bangalore -> Hyderabad,2025-01-18 06:20:00,2025-01-18 18:29:00,2+ Stops,Business,12h 9m,13,32916
Akasa Air,2025-01-15,QP5047,Kolkata,Mumbai,Kolkata -> Mumbai,2025-01-15 07:20:00,2025-01-15 13:45:00,1 Stop,Business,6h 25m,10,21737
Air India,2025-03-08,AI7690,Mumbai,Hyderabad,Mumbai -> Hyderabad,2025-03-08 04:45:00,2025-03-08 08:08:00,Non-stop,Economy,3h 23m,4,6871
Vistara,2025-06-08,UK6433,Chennai,Kolkata,Chennai -> Kolkata,2025-06-08 09:15:00,2025-06-08 19:45:00,2+ Stops,Economy,10h 30m,5,11704
SpiceJet,2025-07-09,SG5530,Mumbai,Kolkata,Mumbai -> Kolkata,2025-07-09 05:00:00,2025-07-09 07:47:00,Non-stop,Business,2h 47m,60,5980
Go First,2025-01-31,G83683,Chennai,Hyderabad,Chennai -> Hyderabad,2025-01-31 14:20:00,2025-01-31 21:49:00,1 Stop,Business,7h 29m,24,24362
SpiceJet,2025-05-01,SG934,Hyderabad,Chennai,Hyderabad -> Chennai,2025-05-01 15:20:00,2025-05-01 22:02:00,2+ Stops,Economy,6h 42m,8,8303
SpiceJet,2025-02-16,SG7306,Chennai,Bangalore,Chennai -> Bangalore,2025-02-16 06:00:00,2025-02-16 15:17:00,2+ Stops,Business,9h 17m,10,11788
SpiceJet,2025-06-22,SG298,Mumbai,Bangalore,Mumbai -> Bangalore,2025-06-22 06:20:00,2025-06-22 10:55:00,Non-stop,Business,4h 35m,27,8450
IndiGo,2025-06-20,6E2777,Delhi,Kolkata,Delhi -> Kolkata,2025-06-20 02:10:00,2025-06-20 07:09:00,1 Stop,Business,4h 59m,47,9240
Vistara,2025-06-25,UK5715,Hyderabad,Bangalore,Hyderabad -> Bangalore,2025-06-25 08:30:00,2025-06-25 19:26:00,2+ Stops,Business,10h 56m,55,37029
Go First,2025-07-28,G82649,Chennai,Hyderabad,Chennai -> Hyderabad,2025-07-28 08:50:00,2025-07-28 21:47:00,2+ Stops,Economy,12h 57m,34,7444
Vistara,2025-04-20,UK8019,Bangalore,Kolkata,Bangalore -> Kolkata,2025-04-20 15:45:00,2025-04-20 19:22:00,1 Stop,Business,3h 37m,33,13907
Air India,2025-05-01,AI9193,Mumbai,Bangalore,Mumbai -> Bangalore,2025-05-01 14:10:00,2025-05-01 17:36:00,Non-stop,Business,3h 26m,57,25236
SpiceJet,2025-06-20,SG5000,Delhi,Bangalore,Delhi -> Bangalore,2025-06-20 15:45:00,2025-06-20 19:44:00,Non-stop,Economy,3h 59m,11,6068
Vistara,2025-02-08,UK7180,Mumbai,Hyderabad,Mumbai -> Hyderabad,2025-02-08 10:15:00,2025-02-08 13:30:00,Non-stop,Business,3h 15m,31,21587
Go First,2025-04-26,G83606,Kolkata,Hyderabad,Kolkata -> Hyderabad,2025-04-26 09:10:00,2025-04-26 21:20:00,2+ Stops,Business,12h 10m,55,19555
Go First,2025-01-28,G86274,Delhi,Mumbai,Delhi -> Mumbai,2025-01-28 23:00:00,2025-01-29 03:31:00,Non-stop,Economy,4h 31m,6,7808
Air India,2025-01-21,AI941,Delhi,Hyderabad,Delhi -> Hyderabad,2025-01-21 04:15:00,2025-01-21 12:58:00,1 Stop,Business,8h 43m,12,34503
IndiGo,2025-01-17,6E2806,Bangalore,Kolkata,Bangalore -> Kolkata,2025-01-17 18:00:00,2025-01-17 19:52:00,Non-stop,Economy,1h 52m,7,3892
Vistara,2025-04-23,UK8134,Delhi,Kolkata,Delhi -> Kolkata,2025-04-23 19:50:00,2025-04-24 02:43:00,2+ Stops,Business,6h 53m,38,14163
Go First,2025-05-15,G84359,Mumbai,Chennai,Mumbai -> Chennai,2025-05-15 19:10:00,2025-05-16 03:12:00,2+ Stops,Business,8h 2m,7,24762
Akasa Air,2025-04-22,QP7844,Kolkata,Bangalore,Kolkata -> Bangalore,2025-04-22 09:45:00,2025-04-22 22:10:00,2+ Stops,Business,12h 25m,33,19006
SpiceJet,2025-07-10,SG3549,Mumbai,Hyderabad,Mumbai -> Hyderabad,2025-07-10 04:00:00,2025-07-10 05:37:00,Non-stop,Economy,1h 37m,10,3709
IndiGo,2025-03-07,6E7455,Mumbai,Bangalore,Mumbai -> Bangalore,2025-03-07 09:50:00,2025-03-07 18:10:00,1 Stop,Economy,8h 20m,47,8336
Vistara,2025-07-17,UK2108,Chennai,Hyderabad,Chennai -> Hyderabad,2025-07-17 09:45:00,2025-07-17 14:26:00,Non-stop,Economy,4h 41m,47,7483
Air India,2025-01-18,AI6502,Mumbai,Kolkata,Mumbai -> Kolkata,2025-01-18 01:50:00,2025-01-18 08:01:00,1 Stop,Business,6h 11m,5,29667
Vistara,2025-05-17,UK5401,Kolkata,Mumbai,Kolkata -> Mumbai,2025-05-17 23:45:00,2025-05-18 08:05:00,1 Stop,Economy,8h 20m,53,7340
Air India,2025-04-28,AI4205,Kolkata,Delhi,Kolkata -> Delhi,2025-04-28 04:00:00,2025-04-28 06:32:00,Non-stop,Business,2h 32m,32,11052
Akasa Air,2025-02-22,QP3057,Kolkata,Delhi,Kolkata -> Delhi,2025-02-22 20:15:00,2025-02-23 05:06:00,2+ Stops,Business,8h 51m,50,13952
Vistara,2025-04-06,UK8309,Mumbai,Bangalore,Mumbai -> Bangalore,2025-04-06 21:45:00,2025-04-07 09:17:00,2+ Stops,Business,11h 32m,10,27709
Go First,2025-07-01,G83322,Kolkata,Delhi,Kolkata -> Delhi,2025-07-01 17:15:00,2025-07-02 05:44:00,2+ Stops,Economy,12h 29m,30,9192
IndiGo,2025-05-18,6E6773,Hyderabad,Delhi,Hyderabad -> Delhi,2025-05-18 14:30:00,2025-05-18 22:29:00,2+ Stops,Business,7h 59m,31,19520
SpiceJet,2025-04-22,SG5019,Chennai,Delhi,Chennai -> Delhi,2025-04-22 21:30:00,2025-04-23 03:46:00,1 Stop,Economy,6h 16m,53,8316
IndiGo,2025-01-27,6E3733,Kolkata,Mumbai,Kolkata -> Mumbai,2025-01-27 13:00:00,2025-01-27 16:34:00,Non-stop,Business,3h 34m,26,10532
Akasa Air,2025-06-30,QP5116,Hyderabad,Delhi,Hyderabad -> Delhi,2025-06-30 06:30:00,2025-06-30 16:48:00,2+ Stops,Economy,10h 18m,32,9016
Go First,2025-04-04,G85483,Mumbai,Chennai,Mumbai -> Chennai,2025-04-04 00:45:00,2025-04-04 04:06:00,1 Stop,Economy,3h 21m,42,7473
IndiGo,2025-06-29,6E2227,Chennai,Bangalore,Chennai -> Bangalore,2025-06-29 09:45:00,2025-06-29 15:55:00,1 Stop,Business,6h 10m,11,18019
SpiceJet,2025-08-01,SG1699,Bangalore,Kolkata,Bangalore -> Kolkata,2025-08-01 17:45:00,2025-08-01 18:54:00,Non-stop,Economy,1h 9m,35,2527
Air India,2025-05-04,AI1181,Bangalore,Mumbai,Bangalore -> Mumbai,2025-05-04 10:00:00,2025-05-04 22:53:00,2+ Stops,Business,12h 53m,8,19839
Akasa Air,2025-03-16,QP4659,Delhi,Kolkata,Delhi -> Kolkata,2025-03-16 11:10:00,2025-03-16 15:44:00,1 Stop,Business,4h 34m,51,13243
IndiGo,2025-03-05,6E1139,Mumbai,Bangalore,Mumbai -> Bangalore,2025-03-05 16:50:00,2025-03-06 03:02:00,2+ Stops,Business,10h 12m,22,26141
SpiceJet,2025-07-03,SG6477,Kolkata,Delhi,Kolkata -> Delhi,2025-07-03 12:10:00,2025-07-03 14:49:00,Non-stop,Business,2h 39m,52,29212
Akasa Air,2025-08-11,QP1196,Chennai,Mumbai,Chennai -> Mumbai,2025-08-11 15:30:00,2025-08-11 21:50:00,1 Stop,Business,6h 20m,54,9336
Vistara,2025-01-28,UK3181,Delhi,Chennai,Delhi -> Chennai,2025-01-28 21:15:00,2025-01-29 05:41:00,2+ Stops,Economy,8h 26m,23,11979
IndiGo,2025-06-27,6E2296,Delhi,Chennai,Delhi -> Chennai,2025-06-27 03:30:00,2025-06-27 08:01:00,Non-stop,Business,4h 31m,34,13924
IndiGo,2025-05-24,6E5294,Mumbai,Kolkata,Mumbai -> Kolkata,2025-05-24 09:00:00,2025-05-24 10:19:00,Non-stop,Economy,1h 19m,35,4615
Vistara,2025-06-10,UK2607,Bangalore,Kolkata,Bangalore -> Kolkata,2025-06-10 02:30:00,2025-06-10 06:01:00,1 Stop,Business,3h 31m,55,17914
IndiGo,2025-03-11,6E4771,Bangalore,Mumbai,Bangalore -> Mumbai,2025-03-11 04:30:00,2025-03-11 15:24:00,2+ Stops,Economy,10h 54m,46,8933
IndiGo,2025-03-30,6E4428,Bangalore,Kolkata,Bangalore -> Kolkata,2025-03-30 05:30:00,2025-03-30 06:44:00,Non-stop,Economy,1h 14m,57,4765
SpiceJet,2025-07-12,SG9114,Hyderabad,Delhi,Hyderabad -> Delhi,2025-07-12 18:50:00,2025-07-13 05:09:00,2+ Stops,Business,10h 19m,52,13132
SpiceJet,2025-02-01,SG6984,Delhi,Kolkata,Delhi -> Kolkata,2025-02-01 04:00:00,2025-02-01 05:06:00,Non-stop,Business,1h 6m,18,8544
SpiceJet,2025-02-27,SG6751,Hyderabad,Delhi,Hyderabad -> Delhi,2025-02-27 18:30:00,2025-02-27 19:51:00,Non-stop,Economy,1h 21m,17,4016
Akasa Air,2025-02-15,QP9422,Chennai,Delhi,Chennai -> Delhi,2025-02-15 15:10:00,2025-02-16 02:18:00,2+ Stops,Economy,11h 8m,41,10652
Vistara,2025-05-07,UK186,Chennai,Hyderabad,Chennai -> Hyderabad,2025-05-07 18:50:00,2025-05-08 07:43:00,2+ Stops,Economy,12h 53m,57,13777
Air India,2025-07-30,AI1072,Kolkata,Mumbai,Kolkata -> Mumbai,2025-07-30 12:10:00,2025-07-30 20:32:00,2+ Stops,Economy,8h 22m,40,12732
Vistara,2025-06-23,UK9575,Bangalore,Kolkata,Bangalore -> Kolkata,2025-06-23 03:45:00,2025-06-23 09:26:00,1 Stop,Business,5h 41m,16,8852
Go First,2025-03-19,G83232,Chennai,Bangalore,Chennai -> Bangalore,2025-03-19 18:10:00,2025-03-20 04:17:00,2+ Stops,Economy,10h 7m,45,9497
IndiGo,2025-03-07,6E3882,Mumbai,Delhi,Mumbai -> Delhi,2025-03-07 21:20:00,2025-03-07 23:37:00,Non-stop,Economy,2h 17m,47,7206
IndiGo,2025-08-21,6E3543,Chennai,Delhi,Chennai -> Delhi,2025-08-21 00:20:00,2025-08-21 03:33:00,Non-stop,Business,3h 13m,54,7364
Akasa Air,2025-05-04,QP2119,Bangalore,Kolkata,Bangalore -> Kolkata,2025-05-04 21:30:00,2025-05-05 05:58:00,2+ Stops,Economy,8h 28m,27,11299
Air India,2025-08-15,AI6476,Bangalore,Mumbai,Bangalore -> Mumbai,2025-08-15 21:10:00,2025-08-16 03:27:00,1 Stop,Business,6h 17m,56,11206
Vistara,2025-03-08,UK7695,Mumbai,Delhi,Mumbai -> Delhi,2025-03-08 23:20:00,2025-03-09 07:33:00,2+ Stops,Business,8h 13m,51,15788
SpiceJet,2025-02-23,SG4676,Mumbai,Hyderabad,Mumbai -> Hyderabad,2025-02-23 15:50:00,2025-02-23 22:27:00,2+ Stops,Business,6h 37m,50,21685
Air India,2025-06-26,AI7462,Mumbai,Kolkata,Mumbai -> Kolkata,2025-06-26 12:15:00,2025-06-26 16:29:00,Non-stop,Business,4h 14m,54,8686
Air India,2025-06-16,AI8061,Kolkata,Mumbai,Kolkata -> Mumbai,2025-06-16 20:10:00,2025-06-16 23:56:00,Non-stop,Business,3h 46m,36,21828
Akasa Air,2025-05-12,QP1719,Bangalore,Chennai,Bangalore -> Chennai,2025-05-12 23:20:00,2025-05-13 00:56:00,Non-stop,Economy,1h 36m,52,4476
SpiceJet,2025-08-01,SG4230,Mumbai,Chennai,Mumbai -> Chennai,2025-08-01 18:50:00,2025-08-02 02:30:00,2+ Stops,Business,7h 40m,55,17266
IndiGo,2025-06-22,6E5463,Chennai,Hyderabad,Chennai -> Hyderabad,2025-06-22 10:00:00,2025-06-22 14:11:00,1 Stop,Economy,4h 11m,27,7485
Vistara,2025-03-31,UK4215,Chennai,Bangalore,Chennai -> Bangalore,2025-03-31 20:20:00,2025-04-01 08:58:00,2+ Stops,Business,12h 38m,38,16793
Go First,2025-03-31,G83315,Mumbai,Kolkata,Mumbai -> Kolkata,2025-03-31 11:20:00,2025-03-31 14:51:00,Non-stop,Economy,3h 31m,3,6029
Go First,2025-06-01,G8369,Chennai,Delhi,Chennai -> Delhi,2025-06-01 04:10:00,2025-06-01 07:23:00,1 Stop,Business,3h 13m,7,26024
IndiGo,2025-03-05,6E1781,Chennai,Hyderabad,Chennai -> Hyderabad,2025-03-05 07:45:00,2025-03-05 10:08:00,Non-stop,Economy,2h 23m,29,2799
SpiceJet,2025-03-21,SG291,Hyderabad,Kolkata,Hyderabad -> Kolkata,2025-03-21 20:30:00,2025-03-22 00:35:00,1 Stop,Business,4h 5m,8,18999
IndiGo,2025-07-29,6E4201,Hyderabad,Chennai,Hyderabad -> Chennai,2025-07-29 07:00:00,2025-07-29 15:17:00,1 Stop,Economy,8h 17m,48,10435
Akasa Air,2025-06-06,QP204,Kolkata,Mumbai,Kolkata -> Mumbai,2025-06-06 10:00:00,2025-06-06 12:59:00,Non-stop,Business,2h 59m,51,7500
Akasa Air,2025-08-03,QP5817,Bangalore,Hyderabad,Bangalore -> Hyderabad,2025-08-03 05:00:00,2025-08-03 11:40:00,2+ Stops,Economy,6h 40m,36,12093
Air India,2025-03-01,AI2919,Mumbai,Bangalore,Mumbai -> Bangalore,2025-03-01 23:10:00,2025-03-02 01:22:00,Non-stop,Economy,2h 12m,48,6416
Vistara,2025-06-23,UK1103,Chennai,Kolkata,Chennai -> Kolkata,2025-06-23 04:00:00,2025-06-23 06:23:00,Non-stop,Business,2h 23m,15,14074
Akasa Air,2025-01-27,QP1136,Mumbai,Hyderabad,Mumbai -> Hyderabad,2025-01-27 05:15:00,2025-01-27 07:58:00,Non-stop,Business,2h 43m,25,6778
Air India,2025-02-24,AI3569,Delhi,Bangalore,Delhi -> Bangalore,2025-02-24 13:10:00,2025-02-25 01:20:00,2+ Stops,Business,12h 10m,27,33817
Akasa Air,2025-05-18,QP8797,Hyderabad,Chennai,Hyderabad -> Chennai,2025-05-18 05:50:00,2025-05-18 16:32:00,2+ Stops,Economy,10h 42m,22,10918
Air India,2025-06-22,AI7392,Bangalore,Kolkata,Bangalore -> Kolkata,2025-06-22 06:45:00,2025-06-22 09:10:00,Non-stop,Business,2h 25m,17,23804
Vistara,2025-08-17,UK1591,Hyderabad,Delhi,Hyderabad -> Delhi,2025-08-17 04:00:00,2025-08-17 05:35:00,Non-stop,Business,1h 35m,51,24928
Go First,2025-05-30,G82315,Delhi,Chennai,Delhi -> Chennai,2025-05-30 07:50:00,2025-05-30 10:48:00,Non-stop,Economy,2h 58m,12,6664
Go First,2025-06-26,G89007,Delhi,Bangalore,Delhi -> Bangalore,2025-06-26 02:15:00,2025-06-26 12:20:00,2+ Stops,Business,10h 5m,35,19165
Air India,2025-03-26,AI3021,Delhi,Hyderabad,Delhi -> Hyderabad,2025-03-26 04:50:00,2025-03-26 06:23:00,Non-stop,Economy,1h 33m,32,9118
Vistara,2025-03-30,UK1270,Kolkata,Chennai,Kolkata -> Chennai,2025-03-30 14:10:00,2025-03-30 23:04:00,2+ Stops,Business,8h 54m,6,10537
IndiGo,2025-03-30,6E496,Chennai,Delhi,Chennai -> Delhi,2025-03-30 05:50:00,2025-03-30 18:30:00,2+ Stops,Economy,12h 40m,6,8993
Air India,2025-07-08,AI7977,Delhi,Hyderabad,Delhi -> Hyderabad,2025-07-08 20:15:00,2025-07-08 22:01:00,Non-stop,Economy,1h 46m,51,6894
SpiceJet,2025-06-30,SG6310,Chennai,Delhi,Chennai -> Delhi,2025-06-30 20:15:00,2025-07-01 01:25:00,1 Stop,Economy,5h 10m,51,9634
Air India,2025-06-07,AI9936,Chennai,Hyderabad,Chennai -> Hyderabad,2025-06-07 09:20:00,2025-06-07 21:24:00,2+ Stops,Economy,12h 4m,35,9622
Go First,2025-02-11,G8795,Bangalore,Hyderabad,Bangalore -> Hyderabad,2025-02-11 16:20:00,2025-02-11 19:22:00,1 Stop,Economy,3h 2m,31,4877
SpiceJet,2025-05-09,SG4124,Kolkata,Bangalore,Kolkata -> Bangalore,2025-05-09 02:15:00,2025-05-09 12:32:00,2+ Stops,Economy,10h 17m,41,10366
Go First,2025-03-20,G82114,Mumbai,Hyderabad,Mumbai -> Hyderabad,2025-03-20 16:10:00,2025-03-20 21:52:00,1 Stop,Economy,5h 42m,10,7134
Air India,2025-02-16,AI9550,Kolkata,Delhi,Kolkata -> Delhi,2025-02-16 20:20:00,2025-02-17 00:33:00,Non-stop,Economy,4h 13m,36,7360
Go First,2025-01-28,G89246,Kolkata,Chennai,Kolkata -> Chennai,2025-01-28 19:50:00,2025-01-29 08:49:00,2+ Stops,Economy,12h 59m,23,6794
IndiGo,2025-06-06,6E4487,Delhi,Mumbai,Delhi -> Mumbai,2025-06-06 08:50:00,2025-06-06 15:46:00,2+ Stops,Economy,6h 56m,56,10205
Akasa Air,2025-06-07,QP4337,Chennai,Mumbai,Chennai -> Mumbai,2025-06-07 15:10:00,2025-06-07 22:34:00,2+ Stops,Economy,7h 24m,36,12481
IndiGo,2025-07-02,6E6648,Bangalore,Mumbai,Bangalore -> Mumbai,2025-07-02 02:10:00,2025-07-02 11:49:00,2+ Stops,Business,9h 39m,10,20936
Akasa Air,2025-01-17,QP5138,Kolkata,Bangalore,Kolkata -> Bangalore,2025-01-17 07:20:00,2025-01-17 14:43:00,2+ Stops,Business,7h 23m,11,12772
SpiceJet,2025-06-02,SG1446,Kolkata,Delhi,Kolkata -> Delhi,2025-06-02 09:45:00,2025-06-02 14:07:00,1 Stop,Business,4h 22m,53,11142
Vistara,2025-06-11,UK3853,Chennai,Bangalore,Chennai -> Bangalore,2025-06-11 21:10:00,2025-06-12 02:05:00,1 Stop,Economy,4h 55m,22,11150
Vistara,2025-05-03,UK6281,Bangalore,Hyderabad,Bangalore -> Hyderabad,2025-05-03 09:30:00,2025-05-03 22:03:00,2+ Stops,Economy,12h 33m,51,12343
IndiGo,2025-06-23,6E6135,Mumbai,Chennai,Mumbai -> Chennai,2025-06-23 16:10:00,2025-06-23 21:56:00,1 Stop,Economy,5h 46m,45,8563
Akasa Air,2025-03-19,QP1108,Chennai,Bangalore,Chennai -> Bangalore,2025-03-19 21:45:00,2025-03-20 01:00:00,Non-stop,Economy,3h 15m,3,4270
Air India,2025-06-17,AI5917,Mumbai,Chennai,Mumbai -> Chennai,2025-06-17 10:45:00,2025-06-17 15:31:00,Non-stop,Economy,4h 46m,17,5158
IndiGo,2025-06-14,6E1575,Delhi,Chennai,Delhi -> Chennai,2025-06-14 14:45:00,2025-06-14 16:23:00,Non-stop,Economy,1h 38m,30,4475
Go First,2025-03-29,G81597,Chennai,Mumbai,Chennai -> Mumbai,2025-03-29 04:20:00,2025-03-29 12:34:00,2+ Stops,Economy,8h 14m,32,8973
Akasa Air,2025-06-28,QP1358,Delhi,Chennai,Delhi -> Chennai,2025-06-28 15:50:00,2025-06-28 21:56:00,1 Stop,Business,6h 6m,49,22398
Go First,2025-04-17,G88692,Delhi,Mumbai,Delhi -> Mumbai,2025-04-17 06:50:00,2025-04-17 08:27:00,Non-stop,Economy,1h 37m,59,5240
Vistara,2025-07-26,UK1935,Hyderabad,Mumbai,Hyderabad -> Mumbai,2025-07-26 16:00:00,2025-07-26 20:21:00,Non-stop,Business,4h 21m,54,32864
Vistara,2025-07-25,UK4423,Chennai,Bangalore,Chennai -> Bangalore,2025-07-25 03:45:00,2025-07-25 07:41:00,1 Stop,Economy,3h 56m,53,9462
Go First,2025-03-26,G85765,Mumbai,Delhi,Mumbai -> Delhi,2025-03-26 19:00:00,2025-03-26 22:06:00,Non-stop,Business,3h 6m,5,8700
Vistara,2025-03-02,UK8781,Kolkata,Bangalore,Kolkata -> Bangalore,2025-03-02 18:10:00,2025-03-02 22:20:00,1 Stop,Economy,4h 10m,54,8508
Go First,2025-05-12,G88387,Mumbai,Delhi,Mumbai -> Delhi,2025-05-12 08:15:00,2025-05-12 14:19:00,1 Stop,Economy,6h 4m,16,7502
IndiGo,2025-05-20,6E4916,Mumbai,Chennai,Mumbai -> Chennai,2025-05-20 23:00:00,2025-05-21 07:01:00,1 Stop,Business,8h 1m,35,16254
Vistara,2025-07-31,UK7123,Kolkata,Delhi,Kolkata -> Delhi,2025-07-31 03:00:00,2025-07-31 10:27:00,2+ Stops,Economy,7h 27m,34,8635
IndiGo,2025-05-07,6E8623,Mumbai,Kolkata,Mumbai -> Kolkata,2025-05-07 19:00:00,2025-05-07 23:09:00,Non-stop,Business,4h 9m,25,9285
Akasa Air,2025-04-16,QP3587,Delhi,Bangalore,Delhi -> Bangalore,2025-04-16 08:15:00,2025-04-16 12:07:00,1 Stop,Business,3h 52m,50,28055
Vistara,2025-06-15,UK9472,Delhi,Hyderabad,Delhi -> Hyderabad,2025-06-15 13:50:00,2025-06-16 01:47:00,2+ Stops,Economy,11h 57m,41,13451
Go First,2025-03-11,G84421,Bangalore,Delhi,Bangalore -> Delhi,2025-03-11 09:30:00,2025-03-11 14:19:00,Non-stop,Economy,4h 49m,8,5306
SpiceJet,2025-07-03,SG3989,Kolkata,Chennai,Kolkata -> Chennai,2025-07-03 04:20:00,2025-07-03 06:34:00,Non-stop,Business,2h 14m,48,30136
IndiGo,2025-07-25,6E974,Delhi,Kolkata,Delhi -> Kolkata,2025-07-25 22:00:00,2025-07-26 10:03:00,2+ Stops,Business,12h 3m,29,34394
IndiGo,2025-01-17,6E4840,Bangalore,Chennai,Bangalore -> Chennai,2025-01-17 22:20:00,2025-01-18 06:11:00,1 Stop,Economy,7h 51m,12,8348
Go First,2025-07-29,G89484,Hyderabad,Kolkata,Hyderabad -> Kolkata,2025-07-29 18:50:00,2025-07-30 03:08:00,1 Stop,Business,8h 18m,50,14541
Air India,2025-07-08,AI8869,Bangalore,Chennai,Bangalore -> Chennai,2025-07-08 18:10:00,2025-07-08 21:46:00,Non-stop,Economy,3h 36m,25,6411
IndiGo,2025-03-31,6E8299,Bangalore,Chennai,Bangalore -> Chennai,2025-03-31 05:10:00,2025-03-31 08:03:00,Non-stop,Economy,2h 53m,40,4911
Air India,2025-02-20,AI7143,Kolkata,Chennai,Kolkata -> Chennai,2025-02-20 13:30:00,2025-02-20 20:05:00,2+ Stops,Business,6h 35m,36,18429
IndiGo,2025-06-05,6E7590,Kolkata,Delhi,Kolkata -> Delhi,2025-06-05 05:45:00,2025-06-05 09:20:00,Non-stop,Economy,3h 35m,42,6759
Go First,2025-06-01,G83710,Bangalore,Chennai,Bangalore -> Chennai,2025-06-01 20:10:00,2025-06-02 03:52:00,2+ Stops,Economy,7h 42m,59,7844
SpiceJet,2025-07-07,SG6776,Chennai,Delhi,Chennai -> Delhi,2025-07-07 18:30:00,2025-07-07 23:31:00,1 Stop,Economy,5h 1m,10,8036
SpiceJet,2025-07-17,SG9021,Chennai,Mumbai,Chennai -> Mumbai,2025-07-17 08:00:00,2025-07-17 17:36:00,2+ Stops,Business,9h 36m,28,21550
IndiGo,2025-05-21,6E3649,Delhi,Chennai,Delhi -> Chennai,2025-05-21 03:45:00,2025-05-21 11:34:00,2+ Stops,Economy,7h 49m,31,11113
Go First,2025-04-14,G85618,Delhi,Kolkata,Delhi -> Kolkata,2025-04-14 08:20:00,2025-04-14 15:35:00,2+ Stops,Business,7h 15m,54,25571
IndiGo,2025-04-17,6E582,Mumbai,Hyderabad,Mumbai -> Hyderabad,2025-04-17 00:00:00,2025-04-17 12:32:00,2+ Stops,Business,12h 32m,49,26848
IndiGo,2025-03-26,6E1003,Delhi,Hyderabad,Delhi -> Hyderabad,2025-03-26 02:00:00,2025-03-26 09:52:00,2+ Stops,Business,7h 52m,33,8687
Vistara,2025-04-24,UK8747,Delhi,Chennai,Delhi -> Chennai,2025-04-24 02:15:00,2025-04-24 12:19:00,2+ Stops,Business,10h 4m,42,15505
Air India,2025-07-13,AI8649,Mumbai,Chennai,Mumbai -> Chennai,2025-07-13 13:45:00,2025-07-13 15:31:00,Non-stop,Business,1h 46m,29,18724
SpiceJet,2025-05-23,SG4525,Delhi,Hyderabad,Delhi -> Hyderabad,2025-05-23 19:15:00,2025-05-23 23:18:00,1 Stop,Business,4h 3m,29,16401
Vistara,2025-01-28,UK2230,Hyderabad,Mumbai,Hyderabad -> Mumbai,2025-01-28 17:50:00,2025-01-28 22:36:00,Non-stop,Business,4h 46m,23,13298
Air India,2025-03-14,AI9363,Chennai,Hyderabad,Chennai -> Hyderabad,2025-03-14 00:20:00,2025-03-14 11:54:00,2+ Stops,Business,11h 34m,5,11412
Air India,2025-04-04,AI7536,Mumbai,Delhi,Mumbai -> Delhi,2025-04-04 10:15:00,2025-04-04 17:27:00,2+ Stops,Business,7h 12m,60,17987
Go First,2025-02-26,G81396,Kolkata,Delhi,Kolkata -> Delhi,2025-02-26 21:00:00,2025-02-26 23:00:00,Non-stop,Business,2h 0m,14,6844
Vistara,2025-05-09,UK3998,Hyderabad,Bangalore,Hyderabad -> Bangalore,2025-05-09 15:30:00,2025-05-09 23:54:00,2+ Stops,Economy,8h 24m,9,9952
Vistara,2025-04-08,UK1317,Chennai,Hyderabad,Chennai -> Hyderabad,2025-04-08 08:30:00,2025-04-08 11:25:00,Non-stop,Business,2h 55m,19,7782
Vistara,2025-03-19,UK4917,Hyderabad,Delhi,Hyderabad -> Delhi,2025-03-19 13:15:00,2025-03-19 16:30:00,1 Stop,Business,3h 15m,53,20224
IndiGo,2025-02-13,6E6626,Kolkata,Chennai,Kolkata -> Chennai,2025-02-13 14:45:00,2025-02-13 23:17:00,1 Stop,Economy,8h 32m,7,5182
IndiGo,2025-07-02,6E2745,Chennai,Delhi,Chennai -> Delhi,2025-07-02 18:30:00,2025-07-02 20:10:00,Non-stop,Economy,1h 40m,57,4638
Go First,2025-05-03,G86979,Mumbai,Chennai,Mumbai -> Chennai,2025-05-03 23:50:00,2025-05-04 08:33:00,1 Stop,Business,8h 43m,35,16019
Air India,2025-07-06,AI8936,Mumbai,Delhi,Mumbai -> Delhi,2025-07-06 05:30:00,2025-07-06 13:56:00,2+ Stops,Economy,8h 26m,55,10709
Go First,2025-07-31,G87466,Chennai,Delhi,Chennai -> Delhi,2025-07-31 18:30:00,2025-08-01 05:57:00,2+ Stops,Business,11h 27m,32,15381
Akasa Air,2025-04-30,QP1100,Kolkata,Hyderabad,Kolkata -> Hyderabad,2025-04-30 16:50:00,2025-04-30 18:13:00,Non-stop,Economy,1h 23m,16,5581
Go First,2025-03-11,G82453,Delhi,Bangalore,Delhi -> Bangalore,2025-03-11 20:15:00,2025-03-12 04:25:00,1 Stop,Economy,8h 10m,12,8112
Akasa Air,2025-05-30,QP6097,Delhi,Kolkata,Delhi -> Kolkata,2025-05-30 03:45:00,2025-05-30 10:21:00,1 Stop,Economy,6h 36m,35,5166
Akasa Air,2025-04-03,QP2954,Delhi,Chennai,Delhi -> Chennai,2025-04-03 18:20:00,2025-04-04 01:22:00,1 Stop,Business,7h 2m,9,15554
Go First,2025-03-02,G88977,Bangalore,Chennai,Bangalore -> Chennai,2025-03-02 05:10:00,2025-03-02 09:01:00,Non-stop,Economy,3h 51m,56,7457
Akasa Air,2025-07-01,QP3865,Chennai,Hyderabad,Chennai -> Hyderabad,2025-07-01 22:45:00,2025-07-02 06:03:00,1 Stop,Economy,7h 18m,28,7749
Go First,2025-06-24,G85633,Chennai,Hyderabad,Chennai -> Hyderabad,2025-06-24 20:00:00,2025-06-25 02:18:00,2+ Stops,Business,6h 18m,33,30039
Go First,2025-04-08,G87601,Delhi,Hyderabad,Delhi -> Hyderabad,2025-04-08 05:10:00,2025-04-08 14:38:00,2+ Stops,Business,9h 28m,6,18032
Akasa Air,2025-04-10,QP3159,Delhi,Chennai,Delhi -> Chennai,2025-04-10 12:50:00,2025-04-10 14:36:00,Non-stop,Business,1h 46m,29,26216
Go First,2025-06-19,G88168,Kolkata,Chennai,Kolkata -> Chennai,2025-06-19 18:20:00,2025-06-20 04:05:00,2+ Stops,Economy,9h 45m,10,7871
Go First,2025-02-27,G89550,Mumbai,Hyderabad,Mumbai -> Hyderabad,2025-02-27 20:30:00,2025-02-28 05:03:00,1 Stop,Economy,8h 33m,48,8082
Air India,2025-04-24,AI3990,Bangalore,Delhi,Bangalore -> Delhi,2025-04-24 00:45:00,2025-04-24 07:09:00,1 Stop,Business,6h 24m,45,27538
IndiGo,2025-07-16,6E2145,Mumbai,Kolkata,Mumbai -> Kolkata,2025-07-16 05:50:00,2025-07-16 14:44:00,2+ Stops,Business,8h 54m,58,17841
Go First,2025-03-18,G86541,Kolkata,Chennai,Kolkata -> Chennai,2025-03-18 04:15:00,2025-03-18 12:26:00,2+ Stops,Economy,8h 11m,26,11238
Akasa Air,2025-05-04,QP8827,Chennai,Hyderabad,Chennai -> Hyderabad,2025-05-04 12:50:00,2025-05-04 15:24:00,Non-stop,Economy,2h 34m,55,5286
Vistara,2025-08-07,UK2793,Bangalore,Delhi,Bangalore -> Delhi,2025-08-07 10:10:00,2025-08-07 22:31:00,2+ Stops,Business,12h 21m,44,18464
Air India,2025-04-05,AI9528,Mumbai,Hyderabad,Mumbai -> Hyderabad,2025-04-05 22:10:00,2025-04-06 05:48:00,1 Stop,Business,7h 38m,38,10936
Go First,2025-04-28,G81840,Hyderabad,Kolkata,Hyderabad -> Kolkata,2025-04-28 00:45:00,2025-04-28 08:01:00,1 Stop,Business,7h 16m,24,22260
Go First,2025-04-30,G85350,Kolkata,Bangalore,Kolkata -> Bangalore,2025-04-30 07:00:00,2025-04-30 10:40:00,Non-stop,Economy,3h 40m,53,6696
Go First,2025-06-12,G81320,Delhi,Hyderabad,Delhi -> Hyderabad,2025-06-12 05:00:00,2025-06-12 08:37:00,Non-stop,Economy,3h 37m,39,4704
IndiGo,2025-04-15,6E1509,Bangalore,Mumbai,Bangalore -> Mumbai,2025-04-15 02:15:00,2025-04-15 08:21:00,1 Stop,Business,6h 6m,26,11589
Air India,2025-04-22,AI2942,Bangalore,Chennai,Bangalore -> Chennai,2025-04-22 13:20:00,2025-04-23 01:53:00,2+ Stops,Economy,12h 33m,57,10695
Vistara,2025-04-19,UK5298,Delhi,Mumbai,Delhi -> Mumbai,2025-04-19 04:45:00,2025-04-19 16:51:00,2+ Stops,Business,12h 6m,40,12875
Air India,2025-03-07,AI7581,Kolkata,Chennai,Kolkata -> Chennai,2025-03-07 22:30:00,2025-03-08 08:05:00,2+ Stops,Economy,9h 35m,34,14956
Air India,2025-02-27,AI7931,Delhi,Kolkata,Delhi -> Kolkata,2025-02-27 07:50:00,2025-02-27 18:25:00,2+ Stops,Business,10h 35m,24,16648
SpiceJet,2025-03-29,SG9232,Kolkata,Hyderabad,Kolkata -> Hyderabad,2025-03-29 18:30:00,2025-03-30 01:04:00,1 Stop,Business,6h 34m,4,17133
Air India,2025-04-30,AI2364,Kolkata,Bangalore,Kolkata -> Bangalore,2025-04-30 23:45:00,2025-05-01 07:25:00,1 Stop,Business,7h 40m,33,26432
SpiceJet,2025-03-06,SG5299,Chennai,Hyderabad,Chennai -> Hyderabad,2025-03-06 16:10:00,2025-03-07 00:08:00,1 Stop,Economy,7h 58m,19,5842
Akasa Air,2025-01-11,QP7114,Bangalore,Delhi,Bangalore -> Delhi,2025-01-11 01:00:00,2025-01-11 04:23:00,Non-stop,Economy,3h 23m,9,7303
Akasa Air,2025-06-23,QP3902,Delhi,Bangalore,Delhi -> Bangalore,2025-06-23 03:50:00,2025-06-23 08:54:00,1 Stop,Economy,5h 4m,9,4208
SpiceJet,2025-06-26,SG7972,Delhi,Chennai,Delhi -> Chennai,2025-06-26 20:20:00,2025-06-27 07:31:00,2+ Stops,Economy,11h 11m,14,9067
SpiceJet,2025-05-04,SG8616,Hyderabad,Chennai,Hyderabad -> Chennai,2025-05-04 18:30:00,2025-05-05 03:39:00,2+ Stops,Business,9h 9m,25,17796
Akasa Air,2025-05-28,QP7326,Chennai,Bangalore,Chennai -> Bangalore,2025-05-28 04:45:00,2025-05-28 07:08:00,Non-stop,Economy,2h 23m,42,5521
SpiceJet,2025-02-28,SG3526,Delhi,Chennai,Delhi -> Chennai,2025-02-28 22:30:00,2025-03-01 00:42:00,Non-stop,Economy,2h 12m,14,3534
Air India,2025-04-30,AI2446,Chennai,Delhi,Chennai -> Delhi,2025-04-30 19:00:00,2025-04-30 23:47:00,Non-stop,Economy,4h 47m,41,4736
Go First,2025-03-14,G84109,Kolkata,Bangalore,Kolkata -> Bangalore,2025-03-14 06:45:00,2025-03-14 16:07:00,2+ Stops,Economy,9h 22m,32,10538
Vistara,2025-06-09,UK6719,Hyderabad,Delhi,Hyderabad -> Delhi,2025-06-09 05:50:00,2025-06-09 09:20:00,Non-stop,Business,3h 30m,43,17384
Akasa Air,2025-03-07,QP6050,Hyderabad,Bangalore,Hyderabad -> Bangalore,2025-03-07 12:10:00,2025-03-07 18:30:00,2+ Stops,Economy,6h 20m,31,10936
Go First,2025-02-12,G87531,Kolkata,Chennai,Kolkata -> Chennai,2025-02-12 12:00:00,2025-02-13 00:11:00,2+ Stops,Business,12h 11m,16,18880
Air India,2025-05-07,AI1137,Kolkata,Mumbai,Kolkata -> Mumbai,2025-05-07 22:45:00,2025-05-08 01:38:00,Non-stop,Economy,2h 53m,13,6669
Air India,2025-07-14,AI2926,Mumbai,Chennai,Mumbai -> Chennai,2025-07-14 06:45:00,2025-07-14 10:51:00,1 Stop,Business,4h 6m,37,24960
Go First,2025-06-07,G81334,Chennai,Bangalore,Chennai -> Bangalore,2025-06-07 17:10:00,2025-06-07 19:30:00,Non-stop,Business,2h 20m,16,18012
Go First,2025-03-30,G83429,Bangalore,Chennai,Bangalore -> Chennai,2025-03-30 13:00:00,2025-03-30 21:41:00,1 Stop,Business,8h 41m,20,14408
Vistara,2025-05-03,UK4848,Mumbai,Delhi,Mumbai -> Delhi,2025-05-03 08:50:00,2025-05-03 16:41:00,1 Stop,Business,7h 51m,37,34512
IndiGo,2025-07-22,6E3056,Kolkata,Chennai,Kolkata -> Chennai,2025-07-22 14:00:00,2025-07-22 16:28:00,Non-stop,Economy,2h 28m,53,3827
IndiGo,2025-06-14,6E5524,Mumbai,Chennai,Mumbai -> Chennai,2025-06-14 15:45:00,2025-06-14 18:16:00,Non-stop,Business,2h 31m,30,14528
Go First,2025-01-18,G88602,Mumbai,Bangalore,Mumbai -> Bangalore,2025-01-18 21:50:00,2025-01-19 00:40:00,Non-stop,Business,2h 50m,10,23012
Akasa Air,2025-01-22,QP989,Hyderabad,Mumbai,Hyderabad -> Mumbai,2025-01-22 01:15:00,2025-01-22 10:53:00,2+ Stops,Business,9h 38m,12,32064
Go First,2025-08-14,G87282,Bangalore,Mumbai,Bangalore -> Mumbai,2025-08-14 11:45:00,2025-08-14 19:56:00,2+ Stops,Economy,8h 11m,45,12912
Vistara,2025-03-15,UK1097,Delhi,Bangalore,Delhi -> Bangalore,2025-03-15 09:10:00,2025-03-15 17:15:00,1 Stop,Business,8h 5m,2,13324
SpiceJet,2025-03-23,SG2770,Mumbai,Chennai,Mumbai -> Chennai,2025-03-23 00:50:00,2025-03-23 03:39:00,Non-stop,Business,2h 49m,58,15878
IndiGo,2025-07-05,6E5060,Mumbai,Hyderabad,Mumbai -> Hyderabad,2025-07-05 23:30:00,2025-07-06 01:09:00,Non-stop,Economy,1h 39m,18,2540
Go First,2025-07-09,G86908,Kolkata,Delhi,Kolkata -> Delhi,2025-07-09 18:20:00,2025-07-09 19:29:00,Non-stop,Business,1h 9m,14,11584
Air India,2025-02-11,AI2586,Delhi,Bangalore,Delhi -> Bangalore,2025-02-11 21:45:00,2025-02-12 04:14:00,1 Stop,Economy,6h 29m,11,5673
Go First,2025-05-09,G81562,Delhi,Mumbai,Delhi -> Mumbai,2025-05-09 03:10:00,2025-05-09 04:17:00,Non-stop,Economy,1h 7m,25,6157
Air India,2025-06-11,AI5718,Chennai,Hyderabad,Chennai -> Hyderabad,2025-06-11 07:10:00,2025-06-11 18:56:00,2+ Stops,Economy,11h 46m,49,8505
Go First,2025-03-17,G83253,Kolkata,Hyderabad,Kolkata -> Hyderabad,2025-03-17 17:00:00,2025-03-18 00:29:00,2+ Stops,Business,7h 29m,22,17146
SpiceJet,2025-01-25,SG2985,Delhi,Mumbai,Delhi -> Mumbai,2025-01-25 17:45:00,2025-01-26 02:18:00,1 Stop,Economy,8h 33m,19,8021
IndiGo,2025-02-17,6E9544,Chennai,Bangalore,Chennai -> Bangalore,2025-02-17 19:15:00,2025-02-17 23:16:00,1 Stop,Economy,4h 1m,9,8485
SpiceJet,2025-04-17,SG6334,Delhi,Mumbai,Delhi -> Mumbai,2025-04-17 22:45:00,2025-04-18 09:07:00,2+ Stops,Economy,10h 22m,52,12312
IndiGo,2025-02-14,6E1692,Mumbai,Hyderabad,Mumbai -> Hyderabad,2025-02-14 08:10:00,2025-02-14 13:45:00,1 Stop,Business,5h 35m,8,22553
SpiceJet,2025-02-06,SG2235,Mumbai,Delhi,Mumbai -> Delhi,2025-02-06 23:50:00,2025-02-07 00:59:00,Non-stop,Business,1h 9m,17,8820
IndiGo,2025-04-01,6E6028,Hyderabad,Mumbai,Hyderabad -> Mumbai,2025-04-01 17:20:00,2025-04-01 20:30:00,1 Stop,Economy,3h 10m,31,8601
Akasa Air,2025-07-27,QP1498,Kolkata,Hyderabad,Kolkata -> Hyderabad,2025-07-27 00:20:00,2025-07-27 02:28:00,Non-stop,Business,2h 8m,56,27400
IndiGo,2025-04-07,6E5709,Bangalore,Kolkata,Bangalore -> Kolkata,2025-04-07 21:45:00,2025-04-08 03:59:00,2+ Stops,Business,6h 14m,56,8770
IndiGo,2025-06-12,6E376,Hyderabad,Bangalore,Hyderabad -> Bangalore,2025-06-12 15:30:00,2025-06-13 00:53:00,2+ Stops,Business,9h 23m,59,23365
SpiceJet,2025-04-07,SG7355,Hyderabad,Bangalore,Hyderabad -> Bangalore,2025-04-07 13:50:00,2025-04-07 16:06:00,Non-stop,Business,2h 16m,24,6742
SpiceJet,2025-01-20,SG7665,Kolkata,Delhi,Kolkata -> Delhi,2025-01-20 17:00:00,2025-01-20 18:02:00,Non-stop,Economy,1h 2m,8,2718
Akasa Air,2025-05-03,QP6859,Hyderabad,Mumbai,Hyderabad -> Mumbai,2025-05-03 12:15:00,2025-05-03 16:25:00,Non-stop,Business,4h 10m,7,13458
Go First,2025-08-12,G8315,Hyderabad,Delhi,Hyderabad -> Delhi,2025-08-12 11:20:00,2025-08-12 13:57:00,Non-stop,Economy,2h 37m,52,3386
SpiceJet,2025-05-24,SG1096,Kolkata,Delhi,Kolkata -> Delhi,2025-05-24 01:20:00,2025-05-24 04:35:00,1 Stop,Economy,3h 15m,13,8743
Air India,2025-05-07,AI5541,Delhi,Mumbai,Delhi -> Mumbai,2025-05-07 11:30:00,2025-05-07 17:49:00,1 Stop,Economy,6h 19m,53,8639
IndiGo,2025-05-29,6E3320,Delhi,Mumbai,Delhi -> Mumbai,2025-05-29 05:15:00,2025-05-29 17:48:00,2+ Stops,Business,12h 33m,37,24361
Vistara,2025-02-24,UK9867,Bangalore,Hyderabad,Bangalore -> Hyderabad,2025-02-24 03:30:00,2025-02-24 06:42:00,Non-stop,Economy,3h 12m,2,9472
Vistara,2025-06-15,UK2665,Kolkata,Bangalore,Kolkata -> Bangalore,2025-06-15 12:20:00,2025-06-15 13:42:00,Non-stop,Economy,1h 22m,54,8797
Air India,2025-01-11,AI2364,Chennai,Kolkata,Chennai -> Kolkata,2025-01-11 01:15:00,2025-01-11 07:42:00,1 Stop,Economy,6h 27m,2,9520
SpiceJet,2025-03-22,SG9755,Delhi,Mumbai,Delhi -> Mumbai,2025-03-22 01:20:00,2025-03-22 11:02:00,2+ Stops,Business,9h 42m,51,13706
IndiGo,2025-06-26,6E4403,Hyderabad,Mumbai,Hyderabad -> Mumbai,2025-06-26 02:50:00,2025-06-26 13:38:00,2+ Stops,Business,10h 48m,35,18696
Air India,2025-03-10,AI1177,Bangalore,Mumbai,Bangalore -> Mumbai,2025-03-10 19:30:00,2025-03-11 02:21:00,2+ Stops,Business,6h 51m,3,37719
Vistara,2025-02-28,UK8770,Kolkata,Mumbai,Kolkata -> Mumbai,2025-02-28 06:20:00,2025-02-28 16:03:00,2+ Stops,Economy,9h 43m,42,12461
Go First,2025-04-23,G89218,Chennai,Bangalore,Chennai -> Bangalore,2025-04-23 12:00:00,2025-04-23 14:31:00,Non-stop,Business,2h 31m,7,8706
Vistara,2025-03-01,UK9455,Bangalore,Mumbai,Bangalore -> Mumbai,2025-03-01 10:20:00,2025-03-01 13:07:00,Non-stop,Business,2h 47m,15,31096
IndiGo,2025-04-24,6E7408,Delhi,Mumbai,Delhi -> Mumbai,2025-04-24 05:20:00,2025-04-24 12:21:00,2+ Stops,Economy,7h 1m,46,9535
Go First,2025-01-30,G87648,Hyderabad,Mumbai,Hyderabad -> Mumbai,2025-01-30 13:00:00,2025-01-30 14:40:00,Non-stop,Business,1h 40m,7,13112
IndiGo,2025-06-18,6E3953,Bangalore,Chennai,Bangalore -> Chennai,2025-06-18 19:30:00,2025-06-19 05:27:00,2+ Stops,Economy,9h 57m,37,6759
Vistara,2025-07-13,UK467,Chennai,Hyderabad,Chennai -> Hyderabad,2025-07-13 18:15:00,2025-07-14 04:16:00,2+ Stops,Economy,10h 1m,33,13611
SpiceJet,2025-02-11,SG5082,Hyderabad,Mumbai,Hyderabad -> Mumbai,2025-02-11 14:15:00,2025-02-12 01:02:00,2+ Stops,Economy,10h 47m,11,11981
Go First,2025-03-21,G86224,Kolkata,Delhi,Kolkata -> Delhi,2025-03-21 01:50:00,2025-03-21 05:24:00,Non-stop,Economy,3h 34m,35,5930
Vistara,2025-04-11,UK5346,Kolkata,Delhi,Kolkata -> Delhi,2025-04-11 06:20:00,2025-04-11 12:39:00,2+ Stops,Business,6h 19m,54,20732
IndiGo,2025-07-15,6E2685,Hyderabad,Kolkata,Hyderabad -> Kolkata,2025-07-15 08:50:00,2025-07-15 13:25:00,Non-stop,Economy,4h 35m,44,6295
Akasa Air,2025-07-25,QP6524,Hyderabad,Kolkata,Hyderabad -> Kolkata,2025-07-25 01:15:00,2025-07-25 04:29:00,Non-stop,Economy,3h 14m,43,4618
IndiGo,2025-05-13,6E9618,Kolkata,Delhi,Kolkata -> Delhi,2025-05-13 01:20:00,2025-05-13 12:35:00,2+ Stops,Economy,11h 15m,23,10656
Akasa Air,2025-04-29,QP9163,Hyderabad,Mumbai,Hyderabad -> Mumbai,2025-04-29 11:00:00,2025-04-29 18:51:00,1 Stop,Business,7h 51m,22,14274
IndiGo,2025-07-30,6E7008,Chennai,Bangalore,Chennai -> Bangalore,2025-07-30 12:20:00,2025-07-30 20:06:00,2+ Stops,Business,7h 46m,54,25637
SpiceJet,2025-01-27,SG7522,Hyderabad,Bangalore,Hyderabad -> Bangalore,2025-01-27 14:00:00,2025-01-27 17:06:00,Non-stop,Business,3h 6m,10,7332
SpiceJet,2025-06-06,SG9602,Mumbai,Hyderabad,Mumbai -> Hyderabad,2025-06-06 17:10:00,2025-06-06 19:27:00,Non-stop,Business,2h 17m,18,27452
Go First,2025-06-18,G83834,Hyderabad,Delhi,Hyderabad -> Delhi,2025-06-18 04:15:00,2025-06-18 10:24:00,1 Stop,Business,6h 9m,57,30863
Vistara,2025-03-24,UK461,Hyderabad,Delhi,Hyderabad -> Delhi,2025-03-24 02:10:00,2025-03-24 04:32:00,Non-stop,Economy,2h 22m,6,6175
Akasa Air,2025-05-16,QP6774,Delhi,Bangalore,Delhi -> Bangalore,2025-05-16 23:20:00,2025-05-17 02:31:00,Non-stop,Economy,3h 11m,14,2858
SpiceJet,2025-04-20,SG5362,Hyderabad,Chennai,Hyderabad -> Chennai,2025-04-20 10:50:00,2025-04-20 17:48:00,2+ Stops,Economy,6h 58m,7,9591
SpiceJet,2025-06-15,SG8219,Mumbai,Kolkata,Mumbai -> Kolkata,2025-06-15 03:20:00,2025-06-15 11:22:00,1 Stop,Economy,8h 2m,8,6428
IndiGo,2025-03-13,6E9393,Kolkata,Hyderabad,Kolkata -> Hyderabad,2025-03-13 15:50:00,2025-03-14 01:47:00,2+ Stops,Economy,9h 57m,55,10244
Akasa Air,2025-06-26,QP4338,Hyderabad,Chennai,Hyderabad -> Chennai,2025-06-26 20:00:00,2025-06-27 06:58:00,2+ Stops,Economy,10h 58m,37,10673
Go First,2025-04-30,G82483,Delhi,Kolkata,Delhi -> Kolkata,2025-04-30 08:20:00,2025-04-30 20:26:00,2+ Stops,Economy,12h 6m,6,10723
Air India,2025-06-06,AI6563,Chennai,Kolkata,Chennai -> Kolkata,2025-06-06 13:30:00,2025-06-07 00:09:00,2+ Stops,Economy,10h 39m,17,13386
Akasa Air,2025-07-09,QP9103,Kolkata,Bangalore,Kolkata -> Bangalore,2025-07-09 12:30:00,2025-07-09 21:27:00,1 Stop,Economy,8h 57m,60,6877
Go First,2025-02-09,G84379,Bangalore,Delhi,Bangalore -> Delhi,2025-02-09 19:10:00,2025-02-10 05:53:00,2+ Stops,Economy,10h 43m,8,8794
Vistara,2025-08-23,UK6019,Mumbai,Hyderabad,Mumbai -> Hyderabad,2025-08-23 01:15:00,2025-08-23 02:45:00,Non-stop,Economy,1h 30m,57,7960
Akasa Air,2025-06-27,QP1113,Mumbai,Chennai,Mumbai -> Chennai,2025-06-27 12:10:00,2025-06-27 17:25:00,1 Stop,Business,5h 15m,35,16814
Go First,2025-06-27,G89590,Bangalore,Kolkata,Bangalore -> Kolkata,2025-06-27 01:20:00,2025-06-27 04:23:00,1 Stop,Economy,3h 3m,24,9710
Akasa Air,2025-06-05,QP9478,Bangalore,Mumbai,Bangalore -> Mumbai,2025-06-05 18:15:00,2025-06-05 19:33:00,Non-stop,Business,1h 18m,20,22288
SpiceJet,2025-06-05,SG9221,Hyderabad,Kolkata,Hyderabad -> Kolkata,2025-06-05 13:00:00,2025-06-05 19:16:00,1 Stop,Economy,6h 16m,28,5296
SpiceJet,2025-05-26,SG5256,Kolkata,Bangalore,Kolkata -> Bangalore,2025-05-26 10:30:00,2025-05-26 15:20:00,Non-stop,Business,4h 50m,32,10224
Air India,2025-03-03,AI8397,Hyderabad,Delhi,Hyderabad -> Delhi,2025-03-03 07:50:00,2025-03-03 13:41:00,1 Stop,Business,5h 51m,28,15495
Akasa Air,2025-04-30,QP3119,Kolkata,Bangalore,Kolkata -> Bangalore,2025-04-30 01:00:00,2025-04-30 09:21:00,1 Stop,Business,8h 21m,45,9768
Akasa Air,2025-02-22,QP7071,Mumbai,Bangalore,Mumbai -> Bangalore,2025-02-22 04:15:00,2025-02-22 08:42:00,Non-stop,Business,4h 27m,8,23637
SpiceJet,2025-02-27,SG6673,Mumbai,Kolkata,Mumbai -> Kolkata,2025-02-27 12:00:00,2025-02-27 13:11:00,Non-stop,Business,1h 11m,40,6636
SpiceJet,2025-07-04,SG8347,Bangalore,Chennai,Bangalore -> Chennai,2025-07-04 20:20:00,2025-07-04 22:08:00,Non-stop,Economy,1h 48m,52,3387
Vistara,2025-06-07,UK9747,Hyderabad,Kolkata,Hyderabad -> Kolkata,2025-06-07 17:10:00,2025-06-07 18:21:00,Non-stop,Business,1h 11m,31,14274
SpiceJet,2025-04-29,SG7409,Mumbai,Hyderabad,Mumbai -> Hyderabad,2025-04-29 05:45:00,2025-04-29 08:54:00,1 Stop,Economy,3h 9m,51,4957
Air India,2025-06-20,AI8763,Bangalore,Mumbai,Bangalore -> Mumbai,2025-06-20 10:10:00,2025-06-20 15:54:00,1 Stop,Business,5h 44m,48,17164
Go First,2025-04-02,G85840,Chennai,Mumbai,Chennai -> Mumbai,2025-04-02 16:10:00,2025-04-02 20:17:00,1 Stop,Economy,4h 7m,24,8288
SpiceJet,2025-06-26,SG6031,Bangalore,Delhi,Bangalore -> Delhi,2025-06-26 13:15:00,2025-06-26 21:38:00,1 Stop,Business,8h 23m,3,25219
Akasa Air,2025-02-13,QP2486,Mumbai,Delhi,Mumbai -> Delhi,2025-02-13 06:10:00,2025-02-13 15:28:00,2+ Stops,Business,9h 18m,8,33687
Vistara,2025-07-06,UK7282,Kolkata,Mumbai,Kolkata -> Mumbai,2025-07-06 09:45:00,2025-07-06 21:32:00,2+ Stops,Economy,11h 47m,16,12203
IndiGo,2025-07-20,6E3239,Hyderabad,Chennai,Hyderabad -> Chennai,2025-07-20 05:50:00,2025-07-20 10:12:00,Non-stop,Economy,4h 22m,25,7866
Go First,2025-05-31,G81095,Delhi,Chennai,Delhi -> Chennai,2025-05-31 07:50:00,2025-05-31 11:11:00,Non-stop,Economy,3h 21m,51,2771
Vistara,2025-03-12,UK3860,Bangalore,Chennai,Bangalore -> Chennai,2025-03-12 08:30:00,2025-03-12 12:24:00,Non-stop,Economy,3h 54m,33,7003
IndiGo,2025-02-20,6E685,Chennai,Delhi,Chennai -> Delhi,2025-02-20 22:50:00,2025-02-21 05:20:00,1 Stop,Business,6h 30m,33,16149
Vistara,2025-03-24,UK5758,Mumbai,Kolkata,Mumbai -> Kolkata,2025-03-24 21:15:00,2025-03-25 02:42:00,1 Stop,Economy,5h 27m,17,10285
Go First,2025-07-05,G86024,Chennai,Delhi,Chennai -> Delhi,2025-07-05 19:10:00,2025-07-06 04:00:00,1 Stop,Economy,8h 50m,31,4941
Akasa Air,2025-02-15,QP5351,Mumbai,Chennai,Mumbai -> Chennai,2025-02-15 17:20:00,2025-02-16 04:02:00,2+ Stops,Business,10h 42m,8,32237
Go First,2025-06-23,G89404,Hyderabad,Kolkata,Hyderabad -> Kolkata,2025-06-23 16:50:00,2025-06-23 18:09:00,Non-stop,Business,1h 19m,38,25768
Akasa Air,2025-05-14,QP2276,Kolkata,Delhi,Kolkata -> Delhi,2025-05-14 21:10:00,2025-05-15 03:24:00,1 Stop,Economy,6h 14m,18,5998
Akasa Air,2025-04-21,QP9901,Hyderabad,Kolkata,Hyderabad -> Kolkata,2025-04-21 05:15:00,2025-04-21 08:08:00,Non-stop,Economy,2h 53m,46,7352
Vistara,2025-06-11,UK2766,Hyderabad,Mumbai,Hyderabad -> Mumbai,2025-06-11 03:10:00,2025-06-11 07:11:00,Non-stop,Business,4h 1m,16,17148
Air India,2025-03-14,AI2924,Hyderabad,Chennai,Hyderabad -> Chennai,2025-03-14 22:30:00,2025-03-15 05:40:00,2+ Stops,Economy,7h 10m,60,8175
IndiGo,2025-01-13,6E344,Mumbai,Bangalore,Mumbai -> Bangalore,2025-01-13 00:00:00,2025-01-13 10:24:00,2+ Stops,Business,10h 24m,12,21634
IndiGo,2025-07-05,6E588,Hyderabad,Chennai,Hyderabad -> Chennai,2025-07-05 21:20:00,2025-07-06 06:27:00,2+ Stops,Economy,9h 7m,43,10329
SpiceJet,2025-03-16,SG3202,Bangalore,Hyderabad,Bangalore -> Hyderabad,2025-03-16 09:00:00,2025-03-16 16:57:00,2+ Stops,Business,7h 57m,51,24459
Akasa Air,2025-03-03,QP1493,Hyderabad,Chennai,Hyderabad -> Chennai,2025-03-03 15:15:00,2025-03-03 22:56:00,1 Stop,Economy,7h 41m,49,5741
SpiceJet,2025-08-16,SG6795,Hyderabad,Bangalore,Hyderabad -> Bangalore,2025-08-16 03:00:00,2025-08-16 05:46:00,Non-stop,Economy,2h 46m,54,6244
Vistara,2025-05-05,UK3088,Delhi,Kolkata,Delhi -> Kolkata,2025-05-05 10:45:00,2025-05-05 20:13:00,2+ Stops,Economy,9h 28m,53,10294
Akasa Air,2025-08-18,QP854,Kolkata,Hyderabad,Kolkata -> Hyderabad,2025-08-18 12:20:00,2025-08-18 15:24:00,1 Stop,Economy,3h 4m,58,9606
SpiceJet,2025-04-14,SG5000,Delhi,Mumbai,Delhi -> Mumbai,2025-04-14 09:00:00,2025-04-14 16:20:00,1 Stop,Economy,7h 20m,46,8024
Go First,2025-05-17,G84505,Hyderabad,Kolkata,Hyderabad -> Kolkata,2025-05-17 19:00:00,2025-05-18 02:48:00,1 Stop,Economy,7h 48m,3,7880
Go First,2025-04-17,G83414,Bangalore,Chennai,Bangalore -> Chennai,2025-04-17 17:45:00,2025-04-18 04:24:00,2+ Stops,Business,10h 39m,10,16900
Vistara,2025-05-26,UK352,Hyderabad,Mumbai,Hyderabad -> Mumbai,2025-05-26 17:30:00,2025-05-27 05:06:00,2+ Stops,Economy,11h 36m,35,13537
Akasa Air,2025-02-01,QP8051,Hyderabad,Delhi,Hyderabad -> Delhi,2025-02-01 11:50:00,2025-02-01 21:01:00,2+ Stops,Business,9h 11m,24,17762
Vistara,2025-02-18,UK6277,Delhi,Chennai,Delhi -> Chennai,2025-02-18 00:00:00,2025-02-18 04:56:00,Non-stop,Business,4h 56m,16,26892
Go First,2025-01-29,G89558,Hyderabad,Mumbai,Hyderabad -> Mumbai,2025-01-29 09:00:00,2025-01-29 21:00:00,2+ Stops,Business,12h 0m,25,12168
SpiceJet,2025-05-06,SG5598,Hyderabad,Bangalore,Hyderabad -> Bangalore,2025-05-06 15:20:00,2025-05-06 23:25:00,1 Stop,Economy,8h 5m,8,8106
Vistara,2025-05-26,UK9965,Mumbai,Delhi,Mumbai -> Delhi,2025-05-26 21:50:00,2025-05-27 07:59:00,2+ Stops,Business,10h 9m,7,20927
Go First,2025-03-05,G86699,Mumbai,Hyderabad,Mumbai -> Hyderabad,2025-03-05 05:10:00,2025-03-05 14:31:00,2+ Stops,Economy,9h 21m,18,9398
Akasa Air,2025-02-21,QP4430,Chennai,Bangalore,Chennai -> Bangalore,2025-02-21 03:50:00,2025-02-21 12:33:00,2+ Stops,Business,8h 43m,18,19847
SpiceJet,2025-05-29,SG7228,Hyderabad,Mumbai,Hyderabad -> Mumbai,2025-05-29 04:10:00,2025-05-29 11:03:00,1 Stop,Economy,6h 53m,1,8242
Akasa Air,2025-07-15,QP915,Delhi,Hyderabad,Delhi -> Hyderabad,2025-07-15 10:20:00,2025-07-15 13:49:00,1 Stop,Economy,3h 29m,15,6924
Air India,2025-03-16,AI4662,Kolkata,Mumbai,Kolkata -> Mumbai,2025-03-16 17:30:00,2025-03-17 02:26:00,1 Stop,Business,8h 56m,33,7764
Vistara,2025-02-23,UK8622,Chennai,Hyderabad,Chennai -> Hyderabad,2025-02-23 22:15:00,2025-02-24 07:30:00,2+ Stops,Economy,9h 15m,12,10335
IndiGo,2025-05-05,6E6481,Hyderabad,Bangalore,Hyderabad -> Bangalore,2025-05-05 02:00:00,2025-05-05 09:41:00,1 Stop,Economy,7h 41m,1,4486
Go First,2025-05-11,G86191,Delhi,Chennai,Delhi -> Chennai,2025-05-11 03:50:00,2025-05-11 10:10:00,2+ Stops,Economy,6h 20m,12,9332
Akasa Air,2025-05-08,QP814,Chennai,Bangalore,Chennai -> Bangalore,2025-05-08 01:50:00,2025-05-08 09:02:00,2+ Stops,Economy,7h 12m,15,7661
IndiGo,2025-02-17,6E7148,Hyderabad,Bangalore,Hyderabad -> Bangalore,2025-02-17 00:20:00,2025-02-17 09:13:00,1 Stop,Economy,8h 53m,44,8805
SpiceJet,2025-05-01,SG9304,Chennai,Bangalore,Chennai -> Bangalore,2025-05-01 07:50:00,2025-05-01 15:41:00,2+ Stops,Business,7h 51m,45,28810
Go First,2025-06-11,G83595,Kolkata,Bangalore,Kolkata -> Bangalore,2025-06-11 08:15:00,2025-06-11 11:41:00,1 Stop,Economy,3h 26m,9,10239
Akasa Air,2025-04-03,QP8532,Mumbai,Hyderabad,Mumbai -> Hyderabad,2025-04-03 17:00:00,2025-04-03 18:02:00,Non-stop,Business,1h 2m,13,10444
Air India,2025-03-24,AI5863,Hyderabad,Chennai,Hyderabad -> Chennai,2025-03-24 21:10:00,2025-03-25 02:07:00,Non-stop,Business,4h 57m,26,18488
SpiceJet,2025-04-21,SG7273,Bangalore,Chennai,Bangalore -> Chennai,2025-04-21 10:50:00,2025-04-21 15:23:00,Non-stop,Economy,4h 33m,49,5822
SpiceJet,2025-06-07,SG9040,Kolkata,Delhi,Kolkata -> Delhi,2025-06-07 14:10:00,2025-06-08 00:24:00,2+ Stops,Business,10h 14m,48,24877
Air India,2025-03-21,AI9064,Bangalore,Mumbai,Bangalore -> Mumbai,2025-03-21 12:50:00,2025-03-22 01:09:00,2+ Stops,Business,12h 19m,21,19210
SpiceJet,2025-06-16,SG5572,Delhi,Hyderabad,Delhi -> Hyderabad,2025-06-16 08:45:00,2025-06-16 13:08:00,Non-stop,Business,4h 23m,53,22734
SpiceJet,2025-03-05,SG1411,Bangalore,Hyderabad,Bangalore -> Hyderabad,2025-03-05 18:10:00,2025-03-06 06:10:00,2+ Stops,Economy,12h 0m,11,11295
SpiceJet,2025-08-09,SG1855,Delhi,Hyderabad,Delhi -> Hyderabad,2025-08-09 09:45:00,2025-08-09 11:41:00,Non-stop,Economy,1h 56m,41,3316
IndiGo,2025-02-19,6E1740,Kolkata,Chennai,Kolkata -> Chennai,2025-02-19 19:45:00,2025-02-19 22:06:00,Non-stop,Business,2h 21m,25,24584
Vistara,2025-06-23,UK984,Chennai,Mumbai,Chennai -> Mumbai,2025-06-23 00:20:00,2025-06-23 10:43:00,2+ Stops,Economy,10h 23m,11,11178
Akasa Air,2025-01-23,QP1462,Chennai,Mumbai,Chennai -> Mumbai,2025-01-23 21:10:00,2025-01-24 02:07:00,Non-stop,Business,4h 57m,1,21405
IndiGo,2025-08-17,6E273,Mumbai,Hyderabad,Mumbai -> Hyderabad,2025-08-17 01:00:00,2025-08-17 04:21:00,1 Stop,Economy,3h 21m,49,6855
SpiceJet,2025-07-19,SG9737,Bangalore,Hyderabad,Bangalore -> Hyderabad,2025-07-19 10:00:00,2025-07-19 15:02:00,1 Stop,Business,5h 2m,41,12396
Air India,2025-02-18,AI2215,Kolkata,Chennai,Kolkata -> Chennai,2025-02-18 11:45:00,2025-02-18 22:28:00,2+ Stops,Business,10h 43m,36,20992
Akasa Air,2025-04-10,QP1177,Delhi,Mumbai,Delhi -> Mumbai,2025-04-10 21:30:00,2025-04-11 01:19:00,Non-stop,Economy,3h 49m,26,4165
Akasa Air,2025-04-18,QP9585,Delhi,Mumbai,Delhi -> Mumbai,2025-04-18 04:00:00,2025-04-18 08:02:00,Non-stop,Business,4h 2m,18,6054
Go First,2025-03-25,G85013,Chennai,Hyderabad,Chennai -> Hyderabad,2025-03-25 07:45:00,2025-03-25 15:24:00,1 Stop,Economy,7h 39m,59,8703
SpiceJet,2025-03-01,SG4091,Bangalore,Chennai,Bangalore -> Chennai,2025-03-01 01:15:00,2025-03-01 04:17:00,1 Stop,Economy,3h 2m,22,8811
Vistara,2025-02-16,UK9428,Hyderabad,Delhi,Hyderabad -> Delhi,2025-02-16 12:30:00,2025-02-16 19:33:00,1 Stop,Economy,7h 3m,42,10770
Akasa Air,2025-07-01,QP7296,Kolkata,Bangalore,Kolkata -> Bangalore,2025-07-01 07:20:00,2025-07-01 16:04:00,2+ Stops,Economy,8h 44m,3,9996
Air India,2025-08-05,AI9443,Bangalore,Kolkata,Bangalore -> Kolkata,2025-08-05 11:50:00,2025-08-05 12:50:00,Non-stop,Business,1h 0m,38,21060
Vistara,2025-02-26,UK2675,Bangalore,Kolkata,Bangalore -> Kolkata,2025-02-26 05:45:00,2025-02-26 08:49:00,1 Stop,Business,3h 4m,1,16361
SpiceJet,2025-02-16,SG2230,Kolkata,Mumbai,Kolkata -> Mumbai,2025-02-16 14:30:00,2025-02-16 19:07:00,1 Stop,Economy,4h 37m,19,9024
Akasa Air,2025-03-13,QP9482,Chennai,Mumbai,Chennai -> Mumbai,2025-03-13 09:15:00,2025-03-13 10:15:00,Non-stop,Economy,1h 0m,15,7180
IndiGo,2025-03-27,6E7010,Chennai,Delhi,Chennai -> Delhi,2025-03-27 00:45:00,2025-03-27 11:43:00,2+ Stops,Business,10h 58m,23,24038
IndiGo,2025-05-06,6E2581,Delhi,Mumbai,Delhi -> Mumbai,2025-05-06 14:10:00,2025-05-06 15:28:00,Non-stop,Business,1h 18m,25,18717
Go First,2025-06-15,G89217,Hyderabad,Kolkata,Hyderabad -> Kolkata,2025-06-15 05:00:00,2025-06-15 09:19:00,Non-stop,Economy,4h 19m,21,5737
IndiGo,2025-03-30,6E3883,Mumbai,Hyderabad,Mumbai -> Hyderabad,2025-03-30 00:45:00,2025-03-30 05:08:00,Non-stop,Business,4h 23m,43,13530
IndiGo,2025-03-05,6E4291,Kolkata,Hyderabad,Kolkata -> Hyderabad,2025-03-05 22:30:00,2025-03-06 00:28:00,Non-stop,Business,1h 58m,57,6876
SpiceJet,2025-02-17,SG2755,Mumbai,Chennai,Mumbai -> Chennai,2025-02-17 06:20:00,2025-02-17 13:26:00,2+ Stops,Economy,7h 6m,1,7497
Go First,2025-07-04,G82139,Hyderabad,Chennai,Hyderabad -> Chennai,2025-07-04 23:00:00,2025-07-05 07:36:00,2+ Stops,Economy,8h 36m,59,9488
IndiGo,2025-05-11,6E8343,Kolkata,Mumbai,Kolkata -> Mumbai,2025-05-11 10:30:00,2025-05-11 17:16:00,2+ Stops,Business,6h 46m,35,33543
Akasa Air,2025-06-17,QP7807,Mumbai,Delhi,Mumbai -> Delhi,2025-06-17 16:00:00,2025-06-17 22:48:00,2+ Stops,Business,6h 48m,25,18499
Akasa Air,2025-05-13,QP9993,Mumbai,Delhi,Mumbai -> Delhi,2025-05-13 19:10:00,2025-05-14 05:40:00,2+ Stops,Economy,10h 30m,36,10800
SpiceJet,2025-03-10,SG5195,Delhi,Mumbai,Delhi -> Mumbai,2025-03-10 05:45:00,2025-03-10 09:45:00,1 Stop,Economy,4h 0m,33,6083
Air India,2025-04-10,AI4925,Hyderabad,Mumbai,Hyderabad -> Mumbai,2025-04-10 04:45:00,2025-04-10 06:01:00,Non-stop,Economy,1h 16m,41,6272
SpiceJet,2025-03-22,SG8083,Bangalore,Mumbai,Bangalore -> Mumbai,2025-03-22 23:50:00,2025-03-23 10:57:00,2+ Stops,Economy,11h 7m,47,10426
Go First,2025-02-17,G89970,Chennai,Mumbai,Chennai -> Mumbai,2025-02-17 21:10:00,2025-02-18 08:57:00,2+ Stops,Economy,11h 47m,45,6692
Akasa Air,2025-08-27,QP3505,Delhi,Kolkata,Delhi -> Kolkata,2025-08-27 04:10:00,2025-08-27 06:55:00,Non-stop,Business,2h 45m,60,19737
Air India,2025-04-06,AI1791,Mumbai,Kolkata,Mumbai -> Kolkata,2025-04-06 01:50:00,2025-04-06 03:16:00,Non-stop,Business,1h 26m,46,10155
SpiceJet,2025-02-28,SG6585,Mumbai,Delhi,Mumbai -> Delhi,2025-02-28 11:45:00,2025-02-28 19:44:00,2+ Stops,Business,7h 59m,44,23186
Vistara,2025-04-03,UK9677,Delhi,Chennai,Delhi -> Chennai,2025-04-03 04:50:00,2025-04-03 06:31:00,Non-stop,Economy,1h 41m,35,9400
IndiGo,2025-04-18,6E6911,Chennai,Delhi,Chennai -> Delhi,2025-04-18 12:50:00,2025-04-18 19:45:00,2+ Stops,Economy,6h 55m,31,12442
Air India,2025-06-04,AI2055,Delhi,Kolkata,Delhi -> Kolkata,2025-06-04 08:00:00,2025-06-04 17:25:00,2+ Stops,Economy,9h 25m,16,10559
IndiGo,2025-02-05,6E3426,Delhi,Hyderabad,Delhi -> Hyderabad,2025-02-05 16:00:00,2025-02-05 22:35:00,1 Stop,Business,6h 35m,32,19706
IndiGo,2025-04-10,6E6377,Mumbai,Hyderabad,Mumbai -> Hyderabad,2025-04-10 02:30:00,2025-04-10 14:55:00,2+ Stops,Business,12h 25m,60,15165
Go First,2025-02-21,G84801,Bangalore,Kolkata,Bangalore -> Kolkata,2025-02-21 14:20:00,2025-02-21 19:03:00,1 Stop,Business,4h 43m,42,17374
Air India,2025-03-20,AI9398,Kolkata,Bangalore,Kolkata -> Bangalore,2025-03-20 20:30:00,2025-03-21 00:59:00,1 Stop,Economy,4h 29m,1,7793
Air India,2025-03-29,AI6413,Mumbai,Hyderabad,Mumbai -> Hyderabad,2025-03-29 02:15:00,2025-03-29 05:28:00,Non-stop,Business,3h 13m,57,17402
Akasa Air,2025-05-08,QP5728,Chennai,Hyderabad,Chennai -> Hyderabad,2025-05-08 08:45:00,2025-05-08 10:28:00,Non-stop,Economy,1h 43m,45,6872
Akasa Air,2025-06-16,QP8177,Hyderabad,Chennai,Hyderabad -> Chennai,2025-06-16 13:10:00,2025-06-16 20:56:00,2+ Stops,Business,7h 46m,7,18232
Go First,2025-06-06,G86330,Bangalore,Mumbai,Bangalore -> Mumbai,2025-06-06 10:50:00,2025-06-06 13:36:00,Non-stop,Business,2h 46m,13,12550
SpiceJet,2025-03-15,SG1043,Bangalore,Chennai,Bangalore -> Chennai,2025-03-15 07:15:00,2025-03-15 09:06:00,Non-stop,Economy,1h 51m,16,3135
IndiGo,2025-05-16,6E6093,Chennai,Hyderabad,Chennai -> Hyderabad,2025-05-16 00:15:00,2025-05-16 08:38:00,2+ Stops,Business,8h 23m,32,28100
Akasa Air,2025-06-17,QP4500,Kolkata,Bangalore,Kolkata -> Bangalore,2025-06-17 12:30:00,2025-06-18 00:21:00,2+ Stops,Business,11h 51m,51,26937
SpiceJet,2025-06-07,SG4030,Kolkata,Bangalore,Kolkata -> Bangalore,2025-06-07 08:20:00,2025-06-07 16:58:00,1 Stop,Business,8h 38m,37,10487
SpiceJet,2025-04-06,SG2172,Delhi,Bangalore,Delhi -> Bangalore,2025-04-06 11:00:00,2025-04-06 22:58:00,2+ Stops,Economy,11h 58m,22,11551
Go First,2025-05-21,G85119,Hyderabad,Delhi,Hyderabad -> Delhi,2025-05-21 05:50:00,2025-05-21 12:59:00,1 Stop,Business,7h 9m,53,23940
Vistara,2025-03-11,UK5049,Kolkata,Mumbai,Kolkata -> Mumbai,2025-03-11 00:20:00,2025-03-11 04:35:00,1 Stop,Business,4h 15m,8,18186
Air India,2025-06-24,AI6404,Delhi,Kolkata,Delhi -> Kolkata,2025-06-24 08:45:00,2025-06-24 18:57:00,2+ Stops,Economy,10h 12m,4,9990
IndiGo,2025-01-29,6E5031,Bangalore,Kolkata,Bangalore -> Kolkata,2025-01-29 14:30:00,2025-01-29 19:12:00,1 Stop,Business,4h 42m,14,11670
Akasa Air,2025-08-06,QP396,Delhi,Chennai,Delhi -> Chennai,2025-08-06 23:00:00,2025-08-07 06:52:00,1 Stop,Business,7h 52m,42,10644
IndiGo,2025-02-22,6E1400,Bangalore,Chennai,Bangalore -> Chennai,2025-02-22 17:15:00,2025-02-22 21:28:00,1 Stop,Business,4h 13m,29,26180
Air India,2025-03-27,AI7193,Hyderabad,Kolkata,Hyderabad -> Kolkata,2025-03-27 21:45:00,2025-03-28 06:48:00,2+ Stops,Economy,9h 3m,17,11867
Akasa Air,2025-06-30,QP2780,Chennai,Delhi,Chennai -> Delhi,2025-06-30 13:50:00,2025-06-30 22:42:00,1 Stop,Economy,8h 52m,45,7176
Vistara,2025-05-28,UK7682,Kolkata,Mumbai,Kolkata -> Mumbai,2025-05-28 12:45:00,2025-05-28 18:57:00,1 Stop,Economy,6h 12m,37,9340
IndiGo,2025-08-10,6E4665,Delhi,Mumbai,Delhi -> Mumbai,2025-08-10 22:15:00,2025-08-11 03:14:00,Non-stop,Economy,4h 59m,60,2701
SpiceJet,2025-02-24,SG5432,Chennai,Hyderabad,Chennai -> Hyderabad,2025-02-24 01:00:00,2025-02-24 05:54:00,Non-stop,Economy,4h 54m,43,3548
IndiGo,2025-07-19,6E5165,Mumbai,Kolkata,Mumbai -> Kolkata,2025-07-19 06:00:00,2025-07-19 09:38:00,1 Stop,Business,3h 38m,30,19845
IndiGo,2025-08-01,6E3665,Kolkata,Chennai,Kolkata -> Chennai,2025-08-01 22:00:00,2025-08-02 02:58:00,1 Stop,Economy,4h 58m,52,5374
Air India,2025-03-04,AI6294,Hyderabad,Bangalore,Hyderabad -> Bangalore,2025-03-04 16:50:00,2025-03-04 21:48:00,1 Stop,Economy,4h 58m,23,11242
Air India,2025-04-25,AI9530,Chennai,Kolkata,Chennai -> Kolkata,2025-04-25 11:10:00,2025-04-25 19:49:00,2+ Stops,Business,8h 39m,51,36973
Air India,2025-08-07,AI2530,Mumbai,Bangalore,Mumbai -> Bangalore,2025-08-07 14:10:00,2025-08-08 00:22:00,2+ Stops,Economy,10h 12m,41,8187
SpiceJet,2025-05-22,SG7860,Chennai,Mumbai,Chennai -> Mumbai,2025-05-22 07:10:00,2025-05-22 11:37:00,Non-stop,Economy,4h 27m,51,6655
SpiceJet,2025-01-19,SG669,Kolkata,Hyderabad,Kolkata -> Hyderabad,2025-01-19 17:20:00,2025-01-19 19:44:00,Non-stop,Business,2h 24m,6,13956
Air India,2025-01-11,AI3375,Kolkata,Delhi,Kolkata -> Delhi,2025-01-11 15:00:00,2025-01-11 19:06:00,Non-stop,Business,4h 6m,7,32628
Air India,2025-03-29,AI9246,Chennai,Hyderabad,Chennai -> Hyderabad,2025-03-29 22:00:00,2025-03-30 06:50:00,1 Stop,Business,8h 50m,41,22848
SpiceJet,2025-05-15,SG6695,Kolkata,Mumbai,Kolkata -> Mumbai,2025-05-15 08:10:00,2025-05-15 10:23:00,Non-stop,Economy,2h 13m,21,3660
Air India,2025-07-24,AI8428,Delhi,Mumbai,Delhi -> Mumbai,2025-07-24 09:15:00,2025-07-24 12:50:00,Non-stop,Economy,3h 35m,49,9447
Akasa Air,2025-02-10,QP3116,Mumbai,Kolkata,Mumbai -> Kolkata,2025-02-10 12:10:00,2025-02-10 20:23:00,2+ Stops,Business,8h 13m,26,20343
Air India,2025-08-09,AI7944,Mumbai,Delhi,Mumbai -> Delhi,2025-08-09 03:30:00,2025-08-09 06:55:00,Non-stop,Business,3h 25m,55,11018
Air India,2025-06-08,AI203,Kolkata,Bangalore,Kolkata -> Bangalore,2025-06-08 09:50:00,2025-06-08 12:59:00,Non-stop,Economy,3h 9m,15,9406
IndiGo,2025-07-15,6E3700,Kolkata,Mumbai,Kolkata -> Mumbai,2025-07-15 01:30:00,2025-07-15 09:55:00,1 Stop,Economy,8h 25m,26,9872
Akasa Air,2025-02-11,QP7858,Chennai,Bangalore,Chennai -> Bangalore,2025-02-11 10:45:00,2025-02-11 16:47:00,1 Stop,Business,6h 2m,25,17488
IndiGo,2025-02-16,6E2955,Chennai,Delhi,Chennai -> Delhi,2025-02-16 13:45:00,2025-02-16 16:49:00,1 Stop,Business,3h 4m,24,17162
IndiGo,2025-05-14,6E9431,Chennai,Delhi,Chennai -> Delhi,2025-05-14 18:10:00,2025-05-15 02:38:00,2+ Stops,Business,8h 28m,37,14106
Vistara,2025-03-02,UK108,Mumbai,Delhi,Mumbai -> Delhi,2025-03-02 13:10:00,2025-03-02 19:14:00,2+ Stops,Business,6h 4m,17,14559
Akasa Air,2025-02-26,QP1571,Mumbai,Kolkata,Mumbai -> Kolkata,2025-02-26 18:10:00,2025-02-27 04:07:00,2+ Stops,Business,9h 57m,5,30480
Akasa Air,2025-06-20,QP7536,Kolkata,Delhi,Kolkata -> Delhi,2025-06-20 15:10:00,2025-06-20 17:37:00,Non-stop,Business,2h 27m,37,12926
IndiGo,2025-07-15,6E9962,Mumbai,Bangalore,Mumbai -> Bangalore,2025-07-15 12:45:00,2025-07-15 17:06:00,Non-stop,Business,4h 21m,29,31256
Vistara,2025-08-05,UK5873,Mumbai,Bangalore,Mumbai -> Bangalore,2025-08-05 18:45:00,2025-08-06 02:57:00,2+ Stops,Economy,8h 12m,41,12811
Akasa Air,2025-01-21,QP6362,Bangalore,Kolkata,Bangalore -> Kolkata,2025-01-21 16:45:00,2025-01-22 05:22:00,2+ Stops,Business,12h 37m,13,11486
Air India,2025-02-25,AI848,Mumbai,Delhi,Mumbai -> Delhi,2025-02-25 11:50:00,2025-02-25 15:21:00,Non-stop,Business,3h 31m,38,15690
Go First,2025-01-14,G87572,Bangalore,Hyderabad,Bangalore -> Hyderabad,2025-01-14 00:10:00,2025-01-14 07:39:00,1 Stop,Business,7h 29m,1,17139
Akasa Air,2025-06-16,QP7231,Kolkata,Hyderabad,Kolkata -> Hyderabad,2025-06-16 14:30:00,2025-06-16 20:26:00,1 Stop,Economy,5h 56m,20,8609
Air India,2025-02-23,AI6418,Bangalore,Hyderabad,Bangalore -> Hyderabad,2025-02-23 08:50:00,2025-02-23 11:51:00,1 Stop,Business,3h 1m,45,16647
Akasa Air,2025-06-03,QP3714,Kolkata,Mumbai,Kolkata -> Mumbai,2025-06-03 23:20:00,2025-06-04 06:47:00,1 Stop,Economy,7h 27m,3,8207
IndiGo,2025-05-14,6E1900,Chennai,Hyderabad,Chennai -> Hyderabad,2025-05-14 04:30:00,2025-05-14 13:44:00,2+ Stops,Business,9h 14m,42,14217
SpiceJet,2025-04-17,SG9824,Kolkata,Delhi,Kolkata -> Delhi,2025-04-17 11:00:00,2025-04-17 13:29:00,Non-stop,Business,2h 29m,12,12570
SpiceJet,2025-04-25,SG3946,Delhi,Kolkata,Delhi -> Kolkata,2025-04-25 16:30:00,2025-04-26 05:06:00,2+ Stops,Business,12h 36m,40,26961
SpiceJet,2025-04-03,SG6882,Chennai,Kolkata,Chennai -> Kolkata,2025-04-03 10:50:00,2025-04-03 16:37:00,1 Stop,Economy,5h 47m,16,7470
SpiceJet,2025-04-20,SG1295,Bangalore,Chennai,Bangalore -> Chennai,2025-04-20 18:30:00,2025-04-21 02:18:00,2+ Stops,Economy,7h 48m,8,8746
Go First,2025-04-17,G87487,Bangalore,Mumbai,Bangalore -> Mumbai,2025-04-17 13:15:00,2025-04-17 15:24:00,Non-stop,Economy,2h 9m,37,2891
Go First,2025-06-13,G85477,Hyderabad,Kolkata,Hyderabad -> Kolkata,2025-06-13 23:20:00,2025-06-14 06:56:00,2+ Stops,Business,7h 36m,9,10279
IndiGo,2025-01-25,6E230,Hyderabad,Kolkata,Hyderabad -> Kolkata,2025-01-25 22:10:00,2025-01-26 02:58:00,Non-stop,Economy,4h 48m,9,6423
SpiceJet,2025-03-28,SG5037,Hyderabad,Bangalore,Hyderabad -> Bangalore,2025-03-28 20:45:00,2025-03-29 02:06:00,1 Stop,Business,5h 21m,13,17353
Air India,2025-03-22,AI710,Mumbai,Delhi,Mumbai -> Delhi,2025-03-22 08:30:00,2025-03-22 13:54:00,1 Stop,Economy,5h 24m,3,7696
Go First,2025-03-02,G83760,Hyderabad,Delhi,Hyderabad -> Delhi,2025-03-02 04:45:00,2025-03-02 07:53:00,1 Stop,Economy,3h 8m,53,6673
Vistara,2025-08-03,UK5561,Kolkata,Bangalore,Kolkata -> Bangalore,2025-08-03 19:20:00,2025-08-03 22:57:00,Non-stop,Business,3h 37m,34,32576
Vistara,2025-03-14,UK137,Hyderabad,Kolkata,Hyderabad -> Kolkata,2025-03-14 18:30:00,2025-03-14 19:46:00,Non-stop,Business,1h 16m,52,23078
Air India,2025-05-06,AI4349,Chennai,Bangalore,Chennai -> Bangalore,2025-05-06 07:00:00,2025-05-06 09:59:00,Non-stop,Business,2h 59m,26,7286
SpiceJet,2025-07-02,SG3107,Mumbai,Hyderabad,Mumbai -> Hyderabad,2025-07-02 23:10:00,2025-07-03 01:22:00,Non-stop,Business,2h 12m,11,18741
Air India,2025-03-11,AI4443,Kolkata,Mumbai,Kolkata -> Mumbai,2025-03-11 00:15:00,2025-03-11 05:00:00,Non-stop,Business,4h 45m,42,28028
Akasa Air,2025-05-25,QP6592,Hyderabad,Delhi,Hyderabad -> Delhi,2025-05-25 20:15:00,2025-05-26 08:12:00,2+ Stops,Economy,11h 57m,3,11310
Vistara,2025-08-13,UK9644,Delhi,Bangalore,Delhi -> Bangalore,2025-08-13 02:45:00,2025-08-13 12:13:00,2+ Stops,Business,9h 28m,57,15160
Air India,2025-05-16,AI715,Bangalore,Mumbai,Bangalore -> Mumbai,2025-05-16 01:10:00,2025-05-16 04:13:00,Non-stop,Economy,3h 3m,54,5326
Go First,2025-03-10,G84692,Kolkata,Hyderabad,Kolkata -> Hyderabad,2025-03-10 14:50:00,2025-03-10 23:45:00,1 Stop,Economy,8h 55m,22,5540
Air India,2025-04-21,AI8624,Mumbai,Chennai,Mumbai -> Chennai,2025-04-21 00:10:00,2025-04-21 02:31:00,Non-stop,Business,2h 21m,51,15898
Air India,2025-02-28,AI3449,Delhi,Bangalore,Delhi -> Bangalore,2025-02-28 06:15:00,2025-02-28 12:43:00,1 Stop,Economy,6h 28m,2,7378
Vistara,2025-05-19,UK7575,Bangalore,Delhi,Bangalore -> Delhi,2025-05-19 04:50:00,2025-05-19 12:29:00,1 Stop,Business,7h 39m,29,15004
Akasa Air,2025-05-17,QP1028,Mumbai,Kolkata,Mumbai -> Kolkata,2025-05-17 06:00:00,2025-05-17 08:58:00,Non-stop,Economy,2h 58m,42,7265
Go First,2025-01-24,G84332,Kolkata,Mumbai,Kolkata -> Mumbai,2025-01-24 06:15:00,2025-01-24 18:23:00,2+ Stops,Economy,12h 8m,16,8752
SpiceJet,2025-02-26,SG7611,Delhi,Chennai,Delhi -> Chennai,2025-02-26 02:20:00,2025-02-26 09:30:00,2+ Stops,Economy,7h 10m,52,8110
SpiceJet,2025-05-06,SG1058,Kolkata,Hyderabad,Kolkata -> Hyderabad,2025-05-06 21:30:00,2025-05-07 06:19:00,1 Stop,Economy,8h 49m,59,8716
Akasa Air,2025-02-24,QP8213,Bangalore,Kolkata,Bangalore -> Kolkata,2025-02-24 19:50:00,2025-02-25 08:01:00,2+ Stops,Business,12h 11m,27,13200
Akasa Air,2025-06-18,QP8973,Mumbai,Chennai,Mumbai -> Chennai,2025-06-18 04:50:00,2025-06-18 14:30:00,2+ Stops,Economy,9h 40m,56,10352
IndiGo,2025-02-19,6E3047,Mumbai,Kolkata,Mumbai -> Kolkata,2025-02-19 18:50:00,2025-02-20 03:14:00,2+ Stops,Business,8h 24m,39,26534
SpiceJet,2025-05-21,SG8408,Chennai,Mumbai,Chennai -> Mumbai,2025-05-21 07:45:00,2025-05-21 12:21:00,Non-stop,Economy,4h 36m,16,4026
IndiGo,2025-02-04,6E2229,Delhi,Mumbai,Delhi -> Mumbai,2025-02-04 16:20:00,2025-02-04 22:35:00,2+ Stops,Business,6h 15m,4,26599
IndiGo,2025-06-30,6E1311,Kolkata,Delhi,Kolkata -> Delhi,2025-06-30 09:45:00,2025-06-30 12:23:00,Non-stop,Economy,2h 38m,56,5387
IndiGo,2025-07-14,6E9729,Hyderabad,Chennai,Hyderabad -> Chennai,2025-07-14 11:10:00,2025-07-14 19:57:00,2+ Stops,Economy,8h 47m,17,9963
Air India,2025-04-01,AI2975,Mumbai,Hyderabad,Mumbai -> Hyderabad,2025-04-01 07:10:00,2025-04-01 16:21:00,2+ Stops,Economy,9h 11m,25,8652
SpiceJet,2025-03-12,SG2551,Mumbai,Delhi,Mumbai -> Delhi,2025-03-12 12:45:00,2025-03-12 21:36:00,1 Stop,Business,8h 51m,25,31151
Air India,2025-07-03,AI3299,Chennai,Delhi,Chennai -> Delhi,2025-07-03 06:10:00,2025-07-03 11:29:00,1 Stop,Business,5h 19m,45,11481
Go First,2025-05-03,G88277,Hyderabad,Chennai,Hyderabad -> Chennai,2025-05-03 00:15:00,2025-05-03 04:06:00,1 Stop,Economy,3h 51m,38,5345
SpiceJet,2025-06-11,SG6285,Hyderabad,Bangalore,Hyderabad -> Bangalore,2025-06-11 10:10:00,2025-06-11 19:41:00,2+ Stops,Business,9h 31m,5,34188
Vistara,2025-06-14,UK7098,Chennai,Mumbai,Chennai -> Mumbai,2025-06-14 23:15:00,2025-06-15 03:32:00,1 Stop,Economy,4h 17m,11,11091
Vistara,2025-04-13,UK7868,Bangalore,Mumbai,Bangalore -> Mumbai,2025-04-13 18:10:00,2025-04-13 22:15:00,Non-stop,Business,4h 5m,11,23444
IndiGo,2025-06-19,6E2422,Hyderabad,Mumbai,Hyderabad -> Mumbai,2025-06-19 11:30:00,2025-06-19 18:39:00,2+ Stops,Business,7h 9m,2,11237
Vistara,2025-04-30,UK3677,Delhi,Bangalore,Delhi -> Bangalore,2025-04-30 10:50:00,2025-04-30 22:27:00,2+ Stops,Business,11h 37m,38,19215
Vistara,2025-06-21,UK2625,Chennai,Kolkata,Chennai -> Kolkata,2025-06-21 23:15:00,2025-06-22 11:26:00,2+ Stops,Economy,12h 11m,12,12578
IndiGo,2025-06-21,6E5592,Chennai,Bangalore,Chennai -> Bangalore,2025-06-21 00:45:00,2025-06-21 11:06:00,2+ Stops,Economy,10h 21m,40,7931
Akasa Air,2025-03-01,QP1852,Mumbai,Chennai,Mumbai -> Chennai,2025-03-01 01:15:00,2025-03-01 12:09:00,2+ Stops,Economy,10h 54m,49,7049
Akasa Air,2025-02-21,QP1471,Mumbai,Bangalore,Mumbai -> Bangalore,2025-02-21 02:15:00,2025-02-21 10:47:00,2+ Stops,Economy,8h 32m,7,10755
Air India,2025-06-12,AI7234,Hyderabad,Kolkata,Hyderabad -> Kolkata,2025-06-12 12:15:00,2025-06-12 14:03:00,Non-stop,Economy,1h 48m,35,8348
SpiceJet,2025-04-14,SG4394,Hyderabad,Chennai,Hyderabad -> Chennai,2025-04-14 09:15:00,2025-04-14 10:17:00,Non-stop,Business,1h 2m,4,15820
Go First,2025-04-04,G88256,Kolkata,Chennai,Kolkata -> Chennai,2025-04-04 10:30:00,2025-04-04 18:54:00,1 Stop,Business,8h 24m,31,16957
SpiceJet,2025-03-22,SG2045,Hyderabad,Kolkata,Hyderabad -> Kolkata,2025-03-22 06:15:00,2025-03-22 13:22:00,2+ Stops,Economy,7h 7m,47,9665
Air India,2025-03-22,AI1330,Mumbai,Bangalore,Mumbai -> Bangalore,2025-03-22 22:00:00,2025-03-23 01:10:00,Non-stop,Business,3h 10m,2,15214
IndiGo,2025-06-28,6E4710,Chennai,Kolkata,Chennai -> Kolkata,2025-06-28 22:50:00,2025-06-29 00:20:00,Non-stop,Business,1h 30m,33,11268
Go First,2025-08-02,G89833,Hyderabad,Bangalore,Hyderabad -> Bangalore,2025-08-02 16:00:00,2025-08-02 23:32:00,2+ Stops,Economy,7h 32m,37,8658
IndiGo,2025-05-13,6E1034,Mumbai,Hyderabad,Mumbai -> Hyderabad,2025-05-13 00:45:00,2025-05-13 11:55:00,2+ Stops,Economy,11h 10m,28,6033
SpiceJet,2025-05-02,SG3322,Chennai,Mumbai,Chennai -> Mumbai,2025-05-02 06:30:00,2025-05-02 11:25:00,1 Stop,Economy,4h 55m,35,4189
Akasa Air,2025-03-22,QP860,Bangalore,Mumbai,Bangalore -> Mumbai,2025-03-22 16:10:00,2025-03-23 03:10:00,2+ Stops,Business,11h 0m,18,31786
Vistara,2025-07-26,UK2900,Chennai,Hyderabad,Chennai -> Hyderabad,2025-07-26 01:00:00,2025-07-26 07:34:00,1 Stop,Business,6h 34m,50,16077
Vistara,2025-07-17,UK4098,Mumbai,Bangalore,Mumbai -> Bangalore,2025-07-17 06:50:00,2025-07-17 17:47:00,2+ Stops,Business,10h 57m,55,15319
Vistara,2025-03-12,UK1464,Hyderabad,Bangalore,Hyderabad -> Bangalore,2025-03-12 20:30:00,2025-03-13 00:55:00,1 Stop,Business,4h 25m,41,10604
Go First,2025-02-23,G85092,Delhi,Mumbai,Delhi -> Mumbai,2025-02-23 04:45:00,2025-02-23 16:55:00,2+ Stops,Economy,12h 10m,5,10284
Go First,2025-07-05,G82596,Delhi,Chennai,Delhi -> Chennai,2025-07-05 23:10:00,2025-07-06 03:39:00,1 Stop,Economy,4h 29m,55,8804
SpiceJet,2025-05-11,SG424,Kolkata,Hyderabad,Kolkata -> Hyderabad,2025-05-11 03:45:00,2025-05-11 08:33:00,Non-stop,Business,4h 48m,32,14534
IndiGo,2025-08-11,6E8918,Hyderabad,Delhi,Hyderabad -> Delhi,2025-08-11 08:10:00,2025-08-11 10:39:00,Non-stop,Business,2h 29m,55,11712
Vistara,2025-06-24,UK8343,Chennai,Delhi,Chennai -> Delhi,2025-06-24 13:30:00,2025-06-25 00:45:00,2+ Stops,Business,11h 15m,23,28501
Air India,2025-05-26,AI372,Chennai,Mumbai,Chennai -> Mumbai,2025-05-26 12:15:00,2025-05-27 00:40:00,2+ Stops,Business,12h 25m,45,21545
Go First,2025-03-23,G81643,Mumbai,Kolkata,Mumbai -> Kolkata,2025-03-23 09:30:00,2025-03-23 20:06:00,2+ Stops,Economy,10h 36m,29,9648
Air India,2025-07-23,AI9968,Bangalore,Hyderabad,Bangalore -> Hyderabad,2025-07-23 00:50:00,2025-07-23 09:09:00,1 Stop,Economy,8h 19m,41,11509
Go First,2025-06-12,G8468,Kolkata,Bangalore,Kolkata -> Bangalore,2025-06-12 04:50:00,2025-06-12 14:17:00,2+ Stops,Business,9h 27m,41,14396
Go First,2025-02-06,G86593,Kolkata,Delhi,Kolkata -> Delhi,2025-02-06 17:50:00,2025-02-07 03:09:00,2+ Stops,Business,9h 19m,36,22793
Akasa Air,2025-02-07,QP9454,Bangalore,Hyderabad,Bangalore -> Hyderabad,2025-02-07 16:10:00,2025-02-08 04:42:00,2+ Stops,Business,12h 32m,18,15155
Air India,2025-05-09,AI4834,Kolkata,Chennai,Kolkata -> Chennai,2025-05-09 06:20:00,2025-05-09 16:54:00,2+ Stops,Economy,10h 34m,41,11318
Go First,2025-04-10,G88844,Delhi,Kolkata,Delhi -> Kolkata,2025-04-10 00:50:00,2025-04-10 08:32:00,2+ Stops,Business,7h 42m,19,11443
IndiGo,2025-05-07,6E614,Mumbai,Hyderabad,Mumbai -> Hyderabad,2025-05-07 01:20:00,2025-05-07 06:55:00,1 Stop,Economy,5h 35m,9,5368
Go First,2025-04-29,G83035,Bangalore,Chennai,Bangalore -> Chennai,2025-04-29 11:30:00,2025-04-29 13:30:00,Non-stop,Economy,2h 0m,54,7953
IndiGo,2025-07-01,6E5504,Kolkata,Bangalore,Kolkata -> Bangalore,2025-07-01 17:10:00,2025-07-02 03:57:00,2+ Stops,Business,10h 47m,43,22014
Go First,2025-02-09,G85795,Kolkata,Mumbai,Kolkata -> Mumbai,2025-02-09 14:50:00,2025-02-09 17:53:00,1 Stop,Economy,3h 3m,1,5337
Akasa Air,2025-08-11,QP5751,Chennai,Kolkata,Chennai -> Kolkata,2025-08-11 12:00:00,2025-08-12 00:49:00,2+ Stops,Business,12h 49m,49,18638
SpiceJet,2025-04-13,SG6447,Bangalore,Delhi,Bangalore -> Delhi,2025-04-13 18:10:00,2025-04-14 01:52:00,1 Stop,Business,7h 42m,36,20280
IndiGo,2025-03-14,6E8335,Kolkata,Delhi,Kolkata -> Delhi,2025-03-14 16:20:00,2025-03-14 21:16:00,Non-stop,Economy,4h 56m,42,2755
IndiGo,2025-08-22,6E3443,Kolkata,Bangalore,Kolkata -> Bangalore,2025-08-22 03:00:00,2025-08-22 06:58:00,Non-stop,Business,3h 58m,57,14946
Air India,2025-05-30,AI9954,Hyderabad,Delhi,Hyderabad -> Delhi,2025-05-30 08:45:00,2025-05-30 15:20:00,1 Stop,Business,6h 35m,26,14246
IndiGo,2025-04-01,6E6290,Mumbai,Bangalore,Mumbai -> Bangalore,2025-04-01 11:30:00,2025-04-01 21:25:00,2+ Stops,Business,9h 55m,8,15605
Air India,2025-02-11,AI3118,Mumbai,Delhi,Mumbai -> Delhi,2025-02-11 10:10:00,2025-02-11 13:38:00,Non-stop,Economy,3h 28m,39,6118
Vistara,2025-06-08,UK5134,Kolkata,Hyderabad,Kolkata -> Hyderabad,2025-06-08 09:45:00,2025-06-08 15:23:00,1 Stop,Economy,5h 38m,20,11316
SpiceJet,2025-04-03,SG2897,Delhi,Bangalore,Delhi -> Bangalore,2025-04-03 10:00:00,2025-04-03 13:08:00,1 Stop,Business,3h 8m,35,22624
Air India,2025-01-05,AI1765,Mumbai,Chennai,Mumbai -> Chennai,2025-01-05 23:10:00,2025-01-06 03:52:00,1 Stop,Economy,4h 42m,4,7653
IndiGo,2025-06-09,6E7838,Mumbai,Bangalore,Mumbai -> Bangalore,2025-06-09 15:10:00,2025-06-09 20:44:00,1 Stop,Economy,5h 34m,41,9267
Go First,2025-04-30,G85359,Chennai,Bangalore,Chennai -> Bangalore,2025-04-30 05:10:00,2025-04-30 16:29:00,2+ Stops,Economy,11h 19m,36,8909
Akasa Air,2025-05-17,QP5222,Delhi,Hyderabad,Delhi -> Hyderabad,2025-05-17 10:20:00,2025-05-17 17:25:00,1 Stop,Business,7h 5m,8,7778
IndiGo,2025-04-13,6E8768,Chennai,Delhi,Chennai -> Delhi,2025-04-13 19:00:00,2025-04-14 01:29:00,1 Stop,Business,6h 29m,24,15586
SpiceJet,2025-05-13,SG3619,Bangalore,Mumbai,Bangalore -> Mumbai,2025-05-13 16:45:00,2025-05-14 05:31:00,2+ Stops,Business,12h 46m,20,13741
SpiceJet,2025-03-23,SG9612,Bangalore,Chennai,Bangalore -> Chennai,2025-03-23 08:15:00,2025-03-23 15:17:00,2+ Stops,Business,7h 2m,30,18276
Go First,2025-05-24,G8596,Mumbai,Bangalore,Mumbai -> Bangalore,2025-05-24 06:20:00,2025-05-24 08:04:00,Non-stop,Economy,1h 44m,8,4463
Akasa Air,2025-02-07,QP8638,Hyderabad,Mumbai,Hyderabad -> Mumbai,2025-02-07 16:20:00,2025-02-08 03:16:00,2+ Stops,Economy,10h 56m,28,10340
SpiceJet,2025-03-23,SG2952,Kolkata,Chennai,Kolkata -> Chennai,2025-03-23 00:15:00,2025-03-23 09:26:00,2+ Stops,Business,9h 11m,31,12779
IndiGo,2025-04-21,6E7393,Chennai,Bangalore,Chennai -> Bangalore,2025-04-21 21:10:00,2025-04-22 05:24:00,1 Stop,Business,8h 14m,27,14593
Go First,2025-07-23,G89349,Delhi,Kolkata,Delhi -> Kolkata,2025-07-23 15:10:00,2025-07-23 21:05:00,1 Stop,Business,5h 55m,28,15639
Vistara,2025-04-12,UK7353,Chennai,Kolkata,Chennai -> Kolkata,2025-04-12 18:50:00,2025-04-13 02:49:00,1 Stop,Economy,7h 59m,60,8501
Air India,2025-07-06,AI6588,Mumbai,Chennai,Mumbai -> Chennai,2025-07-06 08:20:00,2025-07-06 20:47:00,2+ Stops,Business,12h 27m,39,17590
Go First,2025-02-24,G89522,Hyderabad,Delhi,Hyderabad -> Delhi,2025-02-24 03:00:00,2025-02-24 13:35:00,2+ Stops,Business,10h 35m,45,18223
IndiGo,2025-02-05,6E8804,Mumbai,Kolkata,Mumbai -> Kolkata,2025-02-05 22:00:00,2025-02-06 08:26:00,2+ Stops,Business,10h 26m,11,15374
SpiceJet,2025-07-02,SG6487,Bangalore,Chennai,Bangalore -> Chennai,2025-07-02 09:30:00,2025-07-02 20:16:00,2+ Stops,Business,10h 46m,50,26616
Air India,2025-07-04,AI9292,Bangalore,Hyderabad,Bangalore -> Hyderabad,2025-07-04 22:30:00,2025-07-05 05:38:00,1 Stop,Economy,7h 8m,22,9957
Air India,2025-07-17,AI2450,Delhi,Hyderabad,Delhi -> Hyderabad,2025-07-17 14:45:00,2025-07-18 01:27:00,2+ Stops,Economy,10h 42m,48,9352
Go First,2025-06-24,G88954,Mumbai,Chennai,Mumbai -> Chennai,2025-06-24 02:20:00,2025-06-24 06:08:00,Non-stop,Business,3h 48m,59,13953
IndiGo,2025-03-14,6E4456,Mumbai,Hyderabad,Mumbai -> Hyderabad,2025-03-14 16:20:00,2025-03-14 22:25:00,2+ Stops,Economy,6h 5m,32,9896
IndiGo,2025-05-14,6E3539,Hyderabad,Chennai,Hyderabad -> Chennai,2025-05-14 17:00:00,2025-05-14 19:39:00,Non-stop,Business,2h 39m,22,13826
SpiceJet,2025-03-04,SG5614,Hyderabad,Delhi,Hyderabad -> Delhi,2025-03-04 23:50:00,2025-03-05 11:48:00,2+ Stops,Economy,11h 58m,57,8186
Vistara,2025-02-28,UK9555,Delhi,Kolkata,Delhi -> Kolkata,2025-02-28 17:50:00,2025-03-01 00:27:00,1 Stop,Economy,6h 37m,21,8995
SpiceJet,2025-06-27,SG1565,Chennai,Bangalore,Chennai -> Bangalore,2025-06-27 17:50:00,2025-06-27 22:37:00,Non-stop,Economy,4h 47m,48,7979
SpiceJet,2025-02-03,SG3297,Mumbai,Hyderabad,Mumbai -> Hyderabad,2025-02-03 03:30:00,2025-02-03 04:30:00,Non-stop,Economy,1h 0m,2,6863
Air India,2025-06-24,AI9496,Kolkata,Bangalore,Kolkata -> Bangalore,2025-06-24 10:15:00,2025-06-24 13:01:00,Non-stop,Business,2h 46m,9,12884
IndiGo,2025-03-19,6E8801,Bangalore,Chennai,Bangalore -> Chennai,2025-03-19 16:45:00,2025-03-19 18:03:00,Non-stop,Business,1h 18m,52,5998
SpiceJet,2025-04-27,SG3576,Chennai,Kolkata,Chennai -> Kolkata,2025-04-27 02:15:00,2025-04-27 15:05:00,2+ Stops,Business,12h 50m,14,17198
Air India,2025-05-15,AI7306,Delhi,Bangalore,Delhi -> Bangalore,2025-05-15 16:45:00,2025-05-16 02:21:00,2+ Stops,Economy,9h 36m,45,10158
Air India,2025-05-07,AI1088,Chennai,Delhi,Chennai -> Delhi,2025-05-07 17:15:00,2025-05-07 20:38:00,1 Stop,Business,3h 23m,41,27760
IndiGo,2025-06-15,6E5577,Kolkata,Hyderabad,Kolkata -> Hyderabad,2025-06-15 15:30:00,2025-06-15 18:52:00,Non-stop,Economy,3h 22m,16,3329
Vistara,2025-07-21,UK4854,Mumbai,Hyderabad,Mumbai -> Hyderabad,2025-07-21 01:45:00,2025-07-21 04:15:00,Non-stop,Business,2h 30m,44,13964
IndiGo,2025-07-13,6E2695,Hyderabad,Chennai,Hyderabad -> Chennai,2025-07-13 12:20:00,2025-07-13 16:18:00,Non-stop,Economy,3h 58m,27,4916
Air India,2025-04-28,AI8639,Delhi,Hyderabad,Delhi -> Hyderabad,2025-04-28 08:00:00,2025-04-28 19:26:00,2+ Stops,Economy,11h 26m,52,7715
Go First,2025-06-09,G87666,Bangalore,Mumbai,Bangalore -> Mumbai,2025-06-09 20:15:00,2025-06-10 01:17:00,1 Stop,Business,5h 2m,22,8424
Akasa Air,2025-05-15,QP9278,Hyderabad,Delhi,Hyderabad -> Delhi,2025-05-15 06:00:00,2025-05-15 10:31:00,1 Stop,Business,4h 31m,9,13899
Go First,2025-04-24,G81778,Bangalore,Kolkata,Bangalore -> Kolkata,2025-04-24 14:00:00,2025-04-25 02:37:00,2+ Stops,Economy,12h 37m,44,11647
Air India,2025-02-18,AI454,Hyderabad,Kolkata,Hyderabad -> Kolkata,2025-02-18 13:20:00,2025-02-18 19:04:00,1 Stop,Economy,5h 44m,37,10021
Air India,2025-06-20,AI8384,Hyderabad,Bangalore,Hyderabad -> Bangalore,2025-06-20 14:50:00,2025-06-20 20:38:00,1 Stop,Business,5h 48m,40,16649
SpiceJet,2025-05-15,SG8908,Chennai,Kolkata,Chennai -> Kolkata,2025-05-15 03:20:00,2025-05-15 07:21:00,1 Stop,Business,4h 1m,9,29357
IndiGo,2025-04-02,6E6387,Bangalore,Delhi,Bangalore -> Delhi,2025-04-02 06:30:00,2025-04-02 19:03:00,2+ Stops,Economy,12h 33m,13,11676
Air India,2025-05-14,AI9084,Kolkata,Hyderabad,Kolkata -> Hyderabad,2025-05-14 16:10:00,2025-05-14 23:23:00,2+ Stops,Business,7h 13m,42,20819
IndiGo,2025-02-18,6E4213,Delhi,Bangalore,Delhi -> Bangalore,2025-02-18 19:00:00,2025-02-19 01:22:00,2+ Stops,Economy,6h 22m,46,12307
Vistara,2025-04-21,UK479,Mumbai,Chennai,Mumbai -> Chennai,2025-04-21 04:15:00,2025-04-21 08:17:00,1 Stop,Business,4h 2m,9,16955
Air India,2025-06-20,AI3911,Delhi,Chennai,Delhi -> Chennai,2025-06-20 11:20:00,2025-06-20 15:20:00,1 Stop,Business,4h 0m,3,12118
IndiGo,2025-08-23,6E8205,Chennai,Hyderabad,Chennai -> Hyderabad,2025-08-23 08:00:00,2025-08-23 15:10:00,2+ Stops,Business,7h 10m,54,16338
Akasa Air,2025-07-08,QP1333,Delhi,Chennai,Delhi -> Chennai,2025-07-08 09:00:00,2025-07-08 16:09:00,2+ Stops,Business,7h 9m,31,23983
Go First,2025-05-28,G89242,Kolkata,Mumbai,Kolkata -> Mumbai,2025-05-28 08:50:00,2025-05-28 18:03:00,2+ Stops,Economy,9h 13m,48,8481
IndiGo,2025-03-28,6E8226,Bangalore,Mumbai,Bangalore -> Mumbai,2025-03-28 00:15:00,2025-03-28 11:58:00,2+ Stops,Economy,11h 43m,12,8629
IndiGo,2025-01-14,6E1867,Hyderabad,Chennai,Hyderabad -> Chennai,2025-01-14 06:15:00,2025-01-14 13:42:00,1 Stop,Economy,7h 27m,4,7065
IndiGo,2025-05-18,6E7880,Delhi,Bangalore,Delhi -> Bangalore,2025-05-18 14:45:00,2025-05-18 21:48:00,2+ Stops,Economy,7h 3m,35,5917
Go First,2025-06-14,G85592,Mumbai,Hyderabad,Mumbai -> Hyderabad,2025-06-14 23:10:00,2025-06-15 02:22:00,Non-stop,Business,3h 12m,58,27816
IndiGo,2025-07-05,6E263,Bangalore,Hyderabad,Bangalore -> Hyderabad,2025-07-05 10:00:00,2025-07-05 11:31:00,Non-stop,Economy,1h 31m,31,3618
SpiceJet,2025-06-20,SG9325,Delhi,Mumbai,Delhi -> Mumbai,2025-06-20 06:30:00,2025-06-20 09:42:00,1 Stop,Economy,3h 12m,52,9784
Air India,2025-06-02,AI2725,Delhi,Mumbai,Delhi -> Mumbai,2025-06-02 12:30:00,2025-06-02 17:26:00,Non-stop,Economy,4h 56m,14,9366
Vistara,2025-01-15,UK8220,Mumbai,Bangalore,Mumbai -> Bangalore,2025-01-15 08:15:00,2025-01-15 20:32:00,2+ Stops,Business,12h 17m,8,15702
Go First,2025-02-02,G82839,Hyderabad,Delhi,Hyderabad -> Delhi,2025-02-02 14:15:00,2025-02-02 18:41:00,1 Stop,Economy,4h 26m,31,6374
Air India,2025-04-15,AI5040,Bangalore,Mumbai,Bangalore -> Mumbai,2025-04-15 04:00:00,2025-04-15 13:00:00,2+ Stops,Economy,9h 0m,12,10545
Air India,2025-06-30,AI9729,Bangalore,Delhi,Bangalore -> Delhi,2025-06-30 23:00:00,2025-07-01 07:19:00,2+ Stops,Business,8h 19m,10,18811
Go First,2025-07-11,G8470,Mumbai,Bangalore,Mumbai -> Bangalore,2025-07-11 20:15:00,2025-07-11 23:29:00,1 Stop,Economy,3h 14m,27,8189
IndiGo,2025-07-09,6E7728,Hyderabad,Bangalore,Hyderabad -> Bangalore,2025-07-09 00:45:00,2025-07-09 04:07:00,Non-stop,Business,3h 22m,47,29144
SpiceJet,2025-02-06,SG1934,Kolkata,Delhi,Kolkata -> Delhi,2025-02-06 03:30:00,2025-02-06 09:50:00,2+ Stops,Economy,6h 20m,9,8658
Go First,2025-07-22,G86729,Chennai,Bangalore,Chennai -> Bangalore,2025-07-22 17:20:00,2025-07-22 23:55:00,1 Stop,Business,6h 35m,47,28694
Air India,2025-01-07,AI3604,Kolkata,Hyderabad,Kolkata -> Hyderabad,2025-01-07 16:30:00,2025-01-07 21:59:00,1 Stop,Business,5h 29m,4,14806
Air India,2025-05-31,AI7281,Chennai,Hyderabad,Chennai -> Hyderabad,2025-05-31 03:30:00,2025-05-31 07:48:00,Non-stop,Economy,4h 18m,6,4702
Vistara,2025-06-22,UK5027,Delhi,Mumbai,Delhi -> Mumbai,2025-06-22 23:45:00,2025-06-23 12:34:00,2+ Stops,Economy,12h 49m,26,13209
Akasa Air,2025-03-28,QP2194,Mumbai,Kolkata,Mumbai -> Kolkata,2025-03-28 17:15:00,2025-03-29 02:32:00,2+ Stops,Business,9h 17m,15,14926
IndiGo,2025-04-19,6E3770,Hyderabad,Chennai,Hyderabad -> Chennai,2025-04-19 08:20:00,2025-04-19 11:05:00,Non-stop,Economy,2h 45m,27,3877
IndiGo,2025-03-23,6E2827,Mumbai,Hyderabad,Mumbai -> Hyderabad,2025-03-23 00:15:00,2025-03-23 04:11:00,1 Stop,Economy,3h 56m,44,5288
IndiGo,2025-05-11,6E437,Delhi,Chennai,Delhi -> Chennai,2025-05-11 07:50:00,2025-05-11 16:35:00,1 Stop,Business,8h 45m,34,14643
IndiGo,2025-06-30,6E179,Delhi,Chennai,Delhi -> Chennai,2025-06-30 18:00:00,2025-06-30 21:07:00,Non-stop,Business,3h 7m,34,5042
Go First,2025-07-29,G81612,Kolkata,Chennai,Kolkata -> Chennai,2025-07-29 04:50:00,2025-07-29 07:33:00,Non-stop,Business,2h 43m,49,12453
Akasa Air,2025-07-17,QP9635,Chennai,Hyderabad,Chennai -> Hyderabad,2025-07-17 23:20:00,2025-07-18 10:59:00,2+ Stops,Economy,11h 39m,50,8716
Go First,2025-03-17,G85618,Bangalore,Chennai,Bangalore -> Chennai,2025-03-17 17:20:00,2025-03-17 22:44:00,1 Stop,Economy,5h 24m,54,3935
IndiGo,2025-07-13,6E9876,Hyderabad,Chennai,Hyderabad -> Chennai,2025-07-13 07:10:00,2025-07-13 11:06:00,1 Stop,Economy,3h 56m,18,7452
Vistara,2025-03-20,UK1451,Delhi,Chennai,Delhi -> Chennai,2025-03-20 10:00:00,2025-03-20 20:35:00,2+ Stops,Business,10h 35m,57,20919
Air India,2025-02-20,AI9493,Bangalore,Mumbai,Bangalore -> Mumbai,2025-02-20 20:15:00,2025-02-21 02:19:00,2+ Stops,Business,6h 4m,2,17977
SpiceJet,2025-04-22,SG6864,Kolkata,Delhi,Kolkata -> Delhi,2025-04-22 12:30:00,2025-04-22 22:46:00,2+ Stops,Business,10h 16m,29,33187
Vistara,2025-03-01,UK7176,Kolkata,Mumbai,Kolkata -> Mumbai,2025-03-01 03:00:00,2025-03-01 10:17:00,2+ Stops,Economy,7h 17m,46,11533
Go First,2025-02-15,G81600,Chennai,Hyderabad,Chennai -> Hyderabad,2025-02-15 20:10:00,2025-02-16 05:48:00,2+ Stops,Business,9h 38m,10,9619
Air India,2025-02-20,AI651,Hyderabad,Bangalore,Hyderabad -> Bangalore,2025-02-20 15:15:00,2025-02-21 00:12:00,2+ Stops,Economy,8h 57m,33,11761
SpiceJet,2025-03-09,SG3256,Kolkata,Bangalore,Kolkata -> Bangalore,2025-03-09 11:20:00,2025-03-09 12:38:00,Non-stop,Economy,1h 18m,11,3806
Go First,2025-08-04,G81651,Hyderabad,Mumbai,Hyderabad -> Mumbai,2025-08-04 10:00:00,2025-08-04 16:43:00,2+ Stops,Business,6h 43m,36,15995
Akasa Air,2025-03-17,QP5463,Bangalore,Chennai,Bangalore -> Chennai,2025-03-17 21:50:00,2025-03-18 01:46:00,1 Stop,Economy,3h 56m,2,4949
Go First,2025-05-07,G82932,Mumbai,Delhi,Mumbai -> Delhi,2025-05-07 13:00:00,2025-05-07 14:08:00,Non-stop,Economy,1h 8m,17,6779
Air India,2025-02-20,AI7608,Delhi,Mumbai,Delhi -> Mumbai,2025-02-20 06:10:00,2025-02-20 18:09:00,2+ Stops,Business,11h 59m,6,14052
Air India,2025-05-11,AI581,Chennai,Bangalore,Chennai -> Bangalore,2025-05-11 00:20:00,2025-05-11 09:47:00,2+ Stops,Business,9h 27m,35,22911
SpiceJet,2025-05-16,SG6355,Chennai,Delhi,Chennai -> Delhi,2025-05-16 20:10:00,2025-05-17 00:36:00,Non-stop,Economy,4h 26m,57,7693
